1, 888459, 8.28383731842041
1, 1065095.375, 8.14047908782959
1, 329978, 28.467658996582
1, 158137, 1.24069631099701
1, 98503.3359375, 9.53494834899902
1, 78608.6640625, 14.9534721374512
1, 244927.328125, 8.95246696472168
1, 2562989, 5.93234539031982
1, 1819624.375, 6.63544893264771
1, 646453, 14.7760763168335
1, 313970.65625, 8.26878261566162
1, 5116202.5, 46.8228187561035
1, 189402, 9.87900447845459
1, 1413625, 11.322732925415
1, 4263, 61.6232681274414
1, 3708323, 8.65346527099609
1, 220711, 12.3370914459229
1, 113196, 11.9195251464844
1, 46207.33203125, 29.2981948852539
1, 200155, 22.5264511108398
1, 36610.66796875, 17.1643733978271
1, 30299, 17.7629623413086
1, 1469096, 8.02684020996094
1, 14453.6669921875, 81.6748657226562
1, 48918, 34.5558891296387
1, 1122660, 9.14231872558594
1, 134145, 9.94194793701172
1, 38200.66796875, 26.6406745910645
1, 145481.328125, 8.69608211517334
1, 265887.65625, 10.6194934844971
1, 1696600, 9.21585464477539
1, 108942, 8.66186046600342
1, 107093.3359375, 10.9227876663208
1, 217914.328125, 16.7893905639648
1, 659835.6875, 5.05088996887207
1, 520291.65625, 5.01026296615601
1, 306015.65625, 9.97498416900635
1, 36592.33203125, 62.811939239502
1, 583291, 11.3431491851807
1, 4866, 66.6666641235352
1, 10520469, 6.81400346755981
1, 3272369.25, 7.26306819915771
1, 26262.333984375, 84.7424850463867
1, 1410317.375, 7.25745964050293
1, 11715065, 8.88781642913818
1, 6295886.5, 12.7038717269897
1, 41238.33203125, 26.3435478210449
1, 329240.34375, 6.21667623519897
1, 2690, 90.3345718383789
1, 44200.66796875, 34.9687728881836
1, 21129, 30.0440158843994
1, 17441, 12.8547677993774
1, 1997229, 9.35146236419678
1, 475501.65625, 11.6654024124146
1, 66885.6640625, 16.7016944885254
1, 16151, 28.1714706420898
1, 187492, 11.2622842788696
1, 891707.3125, 12.1388502120972
1, 12127, 0.697599530220032
1, 65085, 35.4756698608398
1, 415314.65625, 11.9097146987915
1, 119047.3359375, 6.44152498245239
1, 128032.3359375, 16.7377891540527
1, 395848, 12.1496362686157
1, 236376.328125, 16.5395393371582
1, 241903, 8.35535335540771
1, 327805.65625, 9.79574394226074
1, 36470, 32.816047668457
1, 31198.333984375, 13.2439069747925
1, 22119, 30.6749858856201
1, 90897.6640625, 15.1617088317871
1, 152323, 10.4113540649414
1, 53179.66796875, 13.0464677810669
1, 20104.333984375, 26.2657318115234
1, 1782411, 2.93725252151489
1, 9262758, 8.83869457244873
1, 183705.328125, 43.7650909423828
1, 35359.33203125, 18.236349105835
1, 35563.66796875, 61.9479141235352
1, 4720692.5, 7.29116916656494
1, 3425904.25, 8.05955791473389
1, 76868.6640625, 53.166618347168
1, 441134, 16.5013618469238
1, 1863237, 8.36809921264648
1, 452026.65625, 12.9171104431152
1, 298049, 33.3331909179688
1, 69103, 25.7080001831055
1, 193725, 10.483865737915
1, 163482.671875, 15.8037452697754
1, 580193.6875, 12.5367155075073
1, 63947.33203125, 17.7548847198486
1, 108406.5, 83.1613922119141
1, 416400.34375, 6.04024887084961
1, 16874, 13.2807874679565
1, 54906.66796875, 12.4720430374146
1, 1877932.375, 10.6134462356567
1, 31467.666015625, 50.6888961791992
1, 196916.671875, 12.3335046768188
1, 425557, 10.116678237915
1, 32050.333984375, 46.0306510925293
1, 2570295, 13.0197525024414
1, 1361836.375, 6.76981925964355
1, 11355882, 9.11127471923828
1, 52939.66796875, 13.221474647522
1, 52888.33203125, 19.1320171356201
1, 370304.34375, 15.4265041351318
1, 886828.3125, 9.43810558319092
1, 241388.328125, 10.4632148742676
1, 272997, 7.85814428329468
1, 1754870.625, 7.48305892944336
1, 53068.66796875, 30.9729919433594
1, 73911.3359375, 52.157886505127
1, 45824.33203125, 28.567834854126
1, 61388, 57.8536758422852
1, 547997, 2.80165553092957
1, 57785.33203125, 40.9708251953125
1, 21597, 27.2352638244629
1, 335935, 14.6534299850464
1, 48479.33203125, 26.6691398620605
1, 216337, 20.8942642211914
1, 246164.328125, 8.23669242858887
1, 63978.33203125, 18.8669586181641
1, 326498.65625, 15.1736917495728
1, 18188, 14.4985704421997
1, 1882522, 12.7713603973389
1, 47586.66796875, 10.4635286331177
1, 4395097.5, 5.62581777572632
1, 364374.65625, 9.89935493469238
1, 5269333, 6.42076730728149
1, 1833079.375, 9.03476428985596
1, 268124.34375, 13.9776935577393
1, 259471.328125, 12.0897445678711
1, 129474, 14.8644418716431
1, 236446.328125, 5.62859869003296
1, 73097, 15.5700416564941
1, 558628.6875, 10.3586301803589
1, 4214760.5, 5.98286771774292
1, 469135, 9.84436798095703
1, 5202, 70.8765869140625
1, 217140.328125, 14.0379467010498
1, 8873411, 8.78488636016846
1, 101596.6640625, 17.2783012390137
1, 4818, 54.7838821411133
1, 50227, 31.2276344299316
1, 106663.3359375, 50.639404296875
1, 32634.333984375, 17.634708404541
1, 1094777.625, 9.03497695922852
1, 395343.65625, 9.61458873748779
1, 313179, 10.7090358734131
1, 60647.66796875, 17.8162288665771
1, 6876226.5, 13.3805446624756
1, 1474595.625, 11.8442840576172
1, 161315.671875, 9.8974437713623
1, 117008.3359375, 18.8130435943604
1, 195158.671875, 9.77806854248047
1, 552131, 21.814151763916
1, 249093, 26.4653396606445
1, 25280.333984375, 22.3960838317871
1, 7474400, 6.73957109451294
1, 458175, 18.7810325622559
1, 475079.34375, 10.4136123657227
1, 35627, 26.281759262085
1, 5396251.5, 6.32785177230835
1, 509768.65625, 5.7505054473877
1, 12744170, 9.5942964553833
1, 58635, 17.4232425689697
1, 50189.66796875, 33.291088104248
1, 1024855.3125, 11.1643257141113
1, 26087, 18.5264682769775
1, 1515676, 7.60754585266113
1, 24902, 28.0292301177979
1, 601879.6875, 7.26424503326416
1, 574597, 12.7828168869019
1, 738633, 12.4496726989746
1, 46847.66796875, 28.115894317627
1, 50019.66796875, 31.7189254760742
1, 13097, 78.7276153564453
1, 24783.333984375, 21.3724632263184
1, 110254, 9.74395275115967
1, 55651.66796875, 11.8177690505981
1, 892393.6875, 11.9013032913208
1, 33647.33203125, 42.9412879943848
1, 4336369, 37.4080657958984
1, 286757.34375, 10.7089948654175
1, 502690, 11.6671810150146
1, 75506, 21.7591552734375
1, 542338.3125, 4.84813022613525
1, 416196.34375, 9.17636108398438
1, 416398, 15.1586866378784
1, 57746, 13.699649810791
1, 10850, 55.1010284423828
1, 122978.6640625, 8.33163833618164
1, 343022.65625, 14.4847946166992
1, 560307, 8.39644908905029
1, 13534.3330078125, 85.2676086425781
1, 60600.33203125, 59.1576232910156
1, 522394.34375, 10.078724861145
1, 118386, 11.8171319961548
1, 3751626, 8.03503036499023
1, 11903070, 10.0358781814575
1, 33880.66796875, 14.8393783569336
1, 13576.6669921875, 84.4048385620117
1, 208217.671875, 9.94235229492188
1, 91599, 40.5939483642578
1, 1105880.375, 8.38220024108887
1, 225456, 12.9579515457153
1, 39981.33203125, 30.0995426177979
1, 7788575.5, 6.90415382385254
1, 1308950, 3.15751433372498
1, 2074456.375, 10.9365320205688
1, 107110.6640625, 15.5071468353271
1, 16079.3330078125, 28.6907806396484
1, 1381904.375, 5.06139326095581
1, 6024, 46.8293495178223
1, 10140145, 7.9930248260498
1, 24968, 21.1254978179932
1, 356974.5, 12.35133934021
1, 36071, 23.6406841278076
1, 3732, 89.2282943725586
1, 151825, 21.3556003570557
1, 446469, 12.848518371582
1, 382030, 11.5397338867188
1, 20863, 27.3165512084961
1, 187569, 11.0127658843994
1, 50116, 11.6849050521851
1, 61403, 17.1323394775391
1, 1030066.3125, 9.53400421142578
1, 299811.65625, 38.3069038391113
1, 73830, 18.6762866973877
1, 41681.66796875, 25.6933307647705
1, 1011248, 9.66421604156494
1, 171273.328125, 43.6811866760254
1, 60205.5, 11.9532699584961
1, 452648, 15.1478252410889
1, 9656892, 9.97211360931396
1, 625192.3125, 19.6761112213135
1, 34914, 15.7933216094971
1, 8669, 60.9798278808594
1, 452276, 16.2037925720215
1, 121548, 18.4121551513672
1, 396982, 11.9599056243896
1, 26311, 20.455322265625
1, 272010.34375, 16.4338130950928
1, 217417.671875, 18.633020401001
1, 25073.666015625, 37.0795516967773
1, 31107.666015625, 29.232515335083
1, 1129268.625, 6.69292545318604
1, 782722, 11.1481885910034
1, 61342, 58.2454452514648
1, 370078.65625, 13.8015937805176
1, 111856.3359375, 12.9243412017822
1, 8987331, 10.3969392776489
1, 127708.6640625, 16.5978488922119
1, 296737.65625, 31.2697448730469
1, 476266.65625, 11.7892913818359
1, 26444.666015625, 22.8931541442871
1, 13162.3330078125, 41.4385261535645
1, 31292.333984375, 82.3977890014648
1, 625497.6875, 13.1064891815186
1, 3378, 71.9064559936523
1, 60054.66796875, 17.7383460998535
1, 32460, 81.5452575683594
1, 314563, 31.4305286407471
1, 1562046.625, 5.59669971466064
1, 87636, 47.0059509277344
1, 150356, 14.3819093704224
1, 9389446, 8.98457717895508
1, 189624, 10.507287979126
1, 3580946, 7.91161441802979
1, 4115712, 7.88952350616455
1, 210971.328125, 8.60797023773193
1, 451907.65625, 17.3187007904053
1, 232949, 9.36055374145508
1, 1205728, 7.35648536682129
1, 212011, 9.34444618225098
1, 12923, 81.2735977172852
1, 8692866, 8.65455722808838
1, 61943.66796875, 19.7783489227295
1, 43152.33203125, 22.8531131744385
1, 3393223.75, 7.95782804489136
1, 374447.65625, 10.5563879013062
1, 399720, 12.5486497879028
1, 438356.65625, 11.1694431304932
1, 10978272, 10.5943717956543
1, 48413.66796875, 11.8278551101685
1, 8506670, 6.81012105941772
1, 6673.66650390625, 18.8667449951172
1, 39088.66796875, 58.753303527832
1, 241332, 13.3814897537231
1, 231610, 7.36977005004883
1, 15635.6669921875, 25.24827003479
1, 98120.3359375, 18.632905960083
1, 563657.6875, 5.22926378250122
1, 19407.333984375, 26.1837730407715
1, 70581, 23.6465835571289
1, 759641.3125, 6.65018463134766
1, 21312, 27.5853977203369
1, 308430, 8.75695991516113
1, 7627183.5, 7.01308584213257
1, 28117.5, 18.6416149139404
1, 1847053.375, 7.97735261917114
1, 942753.3125, 12.1069288253784
1, 30383.666015625, 16.9061698913574
1, 32573.666015625, 43.6887283325195
1, 94038.6640625, 38.1051597595215
1, 4221, 62.4022750854492
1, 3122542.25, 5.17735195159912
1, 16833.333984375, 27.6770076751709
1, 1245172.625, 5.94249200820923
1, 3874, 62.7258644104004
1, 44355.33203125, 21.8560237884521
1, 567051.3125, 10.5811939239502
1, 227178.671875, 19.7393379211426
1, 7299050, 7.20335626602173
1, 4170.5, 57.7675285339355
1, 19256, 27.1465911865234
1, 24713, 41.5115203857422
1, 860044.6875, 23.4926090240479
1, 182357, 19.7766151428223
1, 2387999, 4.56916618347168
1, 217391.328125, 6.75153923034668
1, 28441.666015625, 20.9751167297363
1, 131964.671875, 14.2382974624634
1, 967876.6875, 9.1055850982666
1, 262896, 14.1552209854126
1, 28733, 39.7950668334961
1, 155998, 8.83089733123779
1, 1669619, 7.89462995529175
1, 3222942.25, 9.01119327545166
1, 292275.65625, 27.5673542022705
1, 42149, 37.1321754455566
1, 259490, 16.7807693481445
1, 21380.666015625, 37.0901985168457
1, 466680.65625, 5.93664264678955
1, 6395, 23.0408000946045
1, 580209, 16.9734497070312
1, 309024.65625, 10.1229104995728
1, 42202.33203125, 25.798002243042
1, 77765.6640625, 29.5596618652344
1, 266052.65625, 9.69646263122559
1, 12464, 29.5811939239502
1, 39717.33203125, 28.0002212524414
1, 266404, 7.77020072937012
1, 154263.328125, 13.3360052108765
1, 487081, 12.1979198455811
1, 267792.65625, 11.0297822952271
1, 115435.3359375, 27.8175945281982
1, 277304.34375, 15.0966205596924
1, 2051606, 13.6103143692017
1, 453197, 16.8391170501709
1, 972232.3125, 6.95702505111694
1, 9911329, 9.33155536651611
1, 2215609, 12.7621049880981
1, 57199.66796875, 25.0459575653076
1, 982203.6875, 7.71391201019287
1, 3605086.25, 5.55560255050659
1, 123478.6640625, 15.5730991363525
1, 114220.3359375, 12.1197872161865
1, 1940859.375, 8.79092979431152
1, 266244.65625, 12.7000341415405
1, 12019406, 9.67912864685059
1, 918023, 13.3399982452393
1, 107993.3359375, 34.6089401245117
1, 419807.34375, 9.6273193359375
1, 200144, 19.3359622955322
1, 286798, 40.6907958984375
1, 34384, 15.894434928894
1, 34482.33203125, 15.4453105926514
1, 362811.34375, 12.5599756240845
1, 16486, 59.4367218017578
1, 18641, 28.8450183868408
1, 66032.6640625, 42.0946159362793
1, 61428, 10.4039192199707
1, 57905.66796875, 23.1362228393555
1, 55910, 12.7289934158325
1, 324003.34375, 8.34618854522705
1, 1240227.625, 11.0715961456299
1, 1879990, 2.02104258537292
1, 523044.65625, 7.51705312728882
1, 202358.328125, 18.5450401306152
1, 34911.33203125, 60.5918579101562
1, 39569, 40.9485969543457
1, 189194.328125, 11.475887298584
1, 990781.6875, 11.79758644104
1, 432254, 11.5157470703125
1, 34582, 28.9946804046631
1, 146467, 21.9671955108643
1, 584994, 11.5672960281372
1, 328397.34375, 16.7297992706299
1, 25803, 14.5021896362305
1, 23354.666015625, 23.3660106658936
1, 824626, 11.8254318237305
1, 4260693.5, 37.1514549255371
1, 16395, 38.7191200256348
1, 682130.6875, 8.2543888092041
1, 41779, 38.7050933837891
1, 259264, 26.1350803375244
1, 1273144, 7.46834754943848
1, 2002540.625, 10.702428817749
1, 545779, 14.1179237365723
1, 2167436, 12.8646011352539
1, 19990, 12.7513761520386
1, 6933759.5, 7.21963977813721
1, 50590.33203125, 11.135048866272
1, 625208.6875, 5.33781719207764
1, 5910574.5, 8.18614959716797
1, 4062419.25, 4.03054857254028
1, 540650, 6.85273122787476
1, 1822739.375, 8.83052444458008
1, 258703, 27.083667755127
1, 108087.6640625, 12.9876737594604
1, 283153.65625, 34.3646812438965
1, 4384.5, 60.245059967041
1, 41141, 57.0168647766113
1, 191966.671875, 19.827880859375
1, 402917, 10.7855978012085
1, 601116.6875, 16.2588500976562
1, 251964, 7.60289478302002
1, 63586.33203125, 39.7306098937988
1, 20519, 83.6005630493164
1, 47331, 35.942138671875
1, 28199.666015625, 36.5492248535156
1, 29492.333984375, 17.0155296325684
1, 537108.3125, 4.90768623352051
1, 157893.328125, 21.2533092498779
1, 36108, 13.1813459396362
1, 19669.666015625, 26.1664199829102
1, 63062.66796875, 21.8895893096924
1, 9383.6669921875, 51.470947265625
1, 24961, 38.3905601501465
1, 39919.33203125, 26.3835620880127
1, 62932.33203125, 17.0755500793457
1, 283282.65625, 11.8861322402954
1, 20480.666015625, 25.0292797088623
1, 29006, 15.924674987793
1, 724129.3125, 18.0478935241699
1, 527776, 7.32602453231812
1, 19919.666015625, 26.7985572814941
1, 120505, 23.2284545898438
1, 1125361, 4.57329988479614
1, 220612, 20.3111820220947
1, 516683.34375, 6.05434226989746
1, 275237.34375, 14.315896987915
1, 1118085.625, 8.31495571136475
1, 177178, 10.9967422485352
1, 886146, 9.48489379882812
1, 129104.3359375, 18.7342357635498
1, 1127244.625, 12.5736083984375
1, 4016, 65.7868499755859
1, 225712, 15.8596830368042
1, 414650.34375, 9.7371301651001
1, 547025, 17.5189723968506
1, 3687569.25, 8.07599449157715
1, 29686.666015625, 17.0045471191406
1, 688751.6875, 17.7858943939209
1, 213674.671875, 7.41368961334229
1, 269138.34375, 8.40768051147461
1, 155738, 14.0340843200684
1, 92365.3359375, 16.7528247833252
1, 311491.65625, 10.0214548110962
1, 1371630, 6.11977005004883
1, 18798, 28.1838493347168
1, 9185718, 5.72731637954712
1, 2457024.75, 4.72745323181152
1, 19584.666015625, 95.9661483764648
1, 90965.6640625, 38.0300559997559
1, 13299253, 7.38647985458374
1, 62153.33203125, 15.5832223892212
1, 366729.34375, 7.0393238067627
1, 930857.6875, 11.0805253982544
1, 130035.6640625, 8.93598461151123
1, 1144154.375, 6.1614089012146
1, 1971355.375, 6.26055717468262
1, 51147, 29.6508502960205
1, 414773.65625, 12.7692079544067
1, 2121277.25, 4.36795377731323
1, 319579.34375, 17.655366897583
1, 71475, 57.3295021057129
1, 9697, 61.0704345703125
1, 2665448, 7.73606204986572
1, 3192849.25, 6.80437040328979
1, 415115.34375, 11.1264266967773
1, 48259, 23.3338832855225
1, 991915.6875, 8.09929084777832
1, 51562, 24.6561908721924
1, 52891, 11.6263418197632
1, 181797.328125, 24.8142337799072
1, 1015121.3125, 6.9051570892334
1, 297078.65625, 30.079174041748
1, 42634.33203125, 58.7698860168457
1, 37480.66796875, 26.1752529144287
1, 3742310.25, 10.9330348968506
1, 2019348.625, 5.95962476730347
1, 129643.6640625, 13.8129014968872
1, 10850840, 10.3899583816528
1, 514336.65625, 5.94133806228638
1, 241886, 2.53802943229675
1, 12874.3330078125, 45.3263053894043
1, 36034.66796875, 12.8239831924438
1, 471432, 6.11902332305908
1, 758915, 7.56012535095215
1, 642807, 14.5519571304321
1, 2486245.75, 6.57482194900513
1, 1821848.375, 10.2993783950806
1, 17636, 57.2211303710938
1, 49536, 29.1769008636475
1, 8181402.5, 4.84802341461182
1, 13625, 40.5522384643555
1, 145318.671875, 23.0105819702148
1, 453640.34375, 19.8300285339355
1, 62774, 11.7816648483276
1, 1075968, 11.4593467712402
1, 1923156, 4.36463165283203
1, 1579462, 13.6432018280029
1, 402745, 14.5346117019653
1, 34259.33203125, 15.3346357345581
1, 126441.3359375, 13.1148128509521
1, 1544645.625, 8.25437927246094
1, 1059708.625, 10.580265045166
1, 552687, 19.322114944458
1, 12597, 43.3125610351562
1, 8039044.5, 6.74623441696167
1, 10191757, 9.60348320007324
1, 11277379, 6.58921813964844
1, 779493.6875, 4.91076135635376
1, 30356.666015625, 47.0098304748535
1, 167633.671875, 9.09890937805176
1, 11445330, 9.57659530639648
1, 59557.66796875, 12.8540296554565
1, 157344.328125, 14.2870597839355
1, 112232.3359375, 6.31246852874756
1, 18866, 28.3260898590088
1, 66817, 28.6658973693848
1, 992208, 7.9741473197937
1, 304837, 7.26064109802246
1, 3788, 64.2819442749023
1, 1163210, 8.54077911376953
1, 321019.34375, 7.52861309051514
1, 773121, 7.57502841949463
1, 2242698.25, 11.0087442398071
1, 140954.328125, 15.3171558380127
1, 670167.3125, 10.0301141738892
1, 1882042, 8.7671070098877
1, 13755, 74.1027679443359
1, 691937.6875, 8.17587089538574
1, 23917.666015625, 22.5474948883057
1, 59528.33203125, 20.7959938049316
1, 39405.66796875, 25.5556449890137
1, 329662.65625, 5.75561809539795
1, 115432.6640625, 25.5135650634766
1, 229605.671875, 11.9135961532593
1, 1363276, 8.18050003051758
1, 1133956, 8.68112754821777
1, 398477.65625, 8.50308418273926
1, 69924.6640625, 16.3769302368164
1, 2233087.75, 5.30482578277588
1, 27526.333984375, 32.2867736816406
1, 1379489.625, 15.0307035446167
1, 499811.65625, 19.1448841094971
1, 2244698.25, 8.71234512329102
1, 1658758.375, 9.77998733520508
1, 399016.34375, 18.1270980834961
1, 573146.6875, 9.22496032714844
1, 311468.34375, 33.5795631408691
1, 1379758.375, 10.4213809967041
1, 196027.328125, 14.3400659561157
1, 38720, 24.9737892150879
1, 10864458, 7.17156648635864
1, 414741, 10.353705406189
1, 2193510.25, 10.7839155197144
1, 341892, 7.49907827377319
1, 6234971.5, 5.95250225067139
1, 1239218.625, 11.0011520385742
1, 31914, 37.2971420288086
1, 180577.328125, 36.5489692687988
1, 2209530.25, 10.7349634170532
1, 52920.33203125, 21.5618171691895
1, 963658, 11.0303249359131
1, 21864, 24.1297817230225
1, 187927.328125, 10.0055751800537
1, 3670160.75, 8.95760536193848
1, 183771.671875, 19.9891185760498
1, 20257.333984375, 34.9891471862793
1, 230818.328125, 19.6627140045166
1, 101814.6640625, 31.4792499542236
1, 21963.333984375, 57.9975738525391
1, 27972.333984375, 37.4138793945312
1, 290658.34375, 8.87188911437988
1, 47456.33203125, 94.0177383422852
1, 2167989, 10.8481578826904
1, 13976.6669921875, 84.7082061767578
1, 1081027, 18.7012557983398
1, 71957.3359375, 15.6808624267578
1, 17650.666015625, 25.5237274169922
1, 8688092, 9.31186676025391
1, 1767993, 8.49637794494629
1, 61077, 12.9525022506714
1, 52393, 22.6441516876221
1, 57725, 62.1932258605957
1, 66013.3359375, 40.5758171081543
1, 7663089, 5.03732252120972
1, 11715611, 9.14592170715332
1, 258770, 15.0458908081055
1, 1081398.375, 8.13851356506348
1, 300230, 7.54079341888428
1, 1036105.6875, 8.47207069396973
1, 16923, 27.277364730835
1, 261645, 12.9862985610962
1, 688583.3125, 20.0319137573242
1, 10069330, 7.05116510391235
1, 130146.3359375, 14.9568777084351
1, 19921, 24.2056121826172
1, 1961504.375, 6.41576862335205
1, 843264.3125, 9.88670635223389
1, 1299819.625, 7.75876665115356
1, 13330320, 7.47988414764404
1, 345169.65625, 13.3373174667358
1, 84523.6640625, 23.7237377166748
1, 2536060.25, 5.7605562210083
1, 240463.671875, 9.27717781066895
1, 1323889, 10.3291797637939
1, 942488, 8.54109954833984
1, 34558.66796875, 12.1648082733154
1, 17932, 14.7055540084839
1, 24679, 22.6215877532959
1, 40772.66796875, 36.953254699707
1, 1980164.375, 9.39564609527588
1, 585057, 11.5546436309814
1, 221670.328125, 20.3680324554443
1, 146985.671875, 14.6759443283081
1, 417144.65625, 9.86068534851074
1, 16398, 22.4844493865967
1, 17509, 28.385814666748
1, 1296970.375, 12.2410125732422
1, 11991.3330078125, 45.0132827758789
1, 390995.65625, 11.8652238845825
1, 407369.65625, 18.5806045532227
1, 88335.6640625, 15.5684537887573
1, 74966, 30.7537326812744
1, 185996, 13.2968339920044
1, 205293.328125, 36.2832641601562
1, 3204412, 12.4398422241211
1, 1711, 95.9661483764648
1, 1265242, 14.6638031005859
1, 19603, 21.4354953765869
1, 1642174.375, 13.2511215209961
1, 19251.666015625, 23.3997497558594
1, 174526.671875, 11.9816389083862
1, 234570, 10.1790380477905
1, 37019.66796875, 60.945743560791
1, 677143.6875, 7.54363679885864
1, 171623.671875, 39.736930847168
1, 48401, 25.428409576416
1, 68143, 23.220287322998
1, 334404, 33.2340431213379
1, 24513.666015625, 52.0288467407227
1, 51029.66796875, 11.6986980438232
1, 9110214, 9.86365413665771
1, 23295, 24.6314907073975
1, 1169860.625, 13.5924510955811
1, 1092535.375, 18.6721572875977
1, 55617, 25.0858860015869
1, 25449, 36.8568649291992
1, 303545.65625, 32.012523651123
1, 17899, 64.1231384277344
1, 7659239.5, 6.68376159667969
1, 759103.6875, 7.79002714157104
1, 13735.6669921875, 84.8893432617188
1, 144912.671875, 14.100043296814
1, 272565.65625, 12.0846157073975
1, 154253.671875, 15.1517276763916
1, 480682.65625, 8.48262119293213
1, 52051.33203125, 25.0663452148438
1, 184725.671875, 13.7727451324463
1, 12950.3330078125, 80.3142623901367
1, 156351.671875, 15.6654539108276
1, 3678, 95.8401336669922
1, 1176730.375, 8.13267135620117
1, 406010.65625, 13.1149168014526
1, 129299, 21.282205581665
1, 1995864.625, 3.96560955047607
1, 14237, 83.499626159668
1, 8907134, 8.21419239044189
1, 33509.66796875, 64.8932266235352
1, 10197075, 7.11607503890991
1, 1253257.375, 13.1900033950806
1, 106286.6640625, 7.07757472991943
1, 3331041.75, 3.02058887481689
1, 4218, 62.4466590881348
1, 2391631.25, 5.75362968444824
1, 11660820, 9.66269588470459
1, 11198256, 9.35603809356689
1, 1339088.625, 6.29689025878906
1, 2727539.25, 13.2008666992188
1, 369973.65625, 9.04604911804199
1, 253885.328125, 4.57319211959839
1, 301759, 31.0074329376221
1, 3564654, 7.81662893295288
1, 89412.6640625, 39.7410507202148
1, 43083.66796875, 24.6839790344238
1, 46945.66796875, 58.8864593505859
1, 20845, 12.5493192672729
1, 50093, 28.4168739318848
1, 568671.6875, 16.7193603515625
1, 553697.3125, 16.2332725524902
1, 139161.328125, 14.6306800842285
1, 886989.6875, 11.881950378418
1, 87746.3359375, 40.1151466369629
1, 9993339, 6.1675968170166
1, 563461, 19.183292388916
1, 82726, 27.4925918579102
1, 5130, 24.10205078125
1, 2244377.75, 6.7473611831665
1, 197862, 13.8489294052124
1, 177748.328125, 41.5294952392578
1, 2982, 41.8175735473633
1, 233131.328125, 9.58059310913086
1, 1055125.375, 8.4202356338501
1, 13768.3330078125, 85.3347702026367
1, 733113, 11.3740386962891
1, 145099, 14.9665937423706
1, 25332, 19.0786361694336
1, 1860836.375, 8.65670108795166
1, 44803.33203125, 26.8309860229492
1, 48219.66796875, 26.4639720916748
1, 96040, 17.8597431182861
1, 30151.333984375, 33.4362678527832
1, 23567.333984375, 22.4106731414795
1, 19576.333984375, 95.9661483764648
1, 309546.34375, 31.1109237670898
1, 535353, 19.1164207458496
1, 118863, 13.3178682327271
1, 1435409, 8.4912109375
1, 2192504.75, 10.5422639846802
1, 356519.65625, 8.49903869628906
1, 4992156.5, 6.79779005050659
1, 198074.328125, 18.2217597961426
1, 121927.6640625, 13.4267282485962
1, 43715, 28.8125247955322
1, 39858, 22.8883018493652
1, 3044954.75, 5.71664810180664
1, 1101139.625, 7.80802392959595
1, 28712, 27.2817115783691
1, 65171, 24.279203414917
1, 403612.65625, 11.7209310531616
1, 70350, 59.6374702453613
1, 27328, 19.1708145141602
1, 64032, 20.4941368103027
1, 1006887, 8.79709148406982
1, 218526, 6.84114456176758
1, 99659.6640625, 15.463397026062
1, 193450.328125, 40.7966232299805
1, 12449.3330078125, 43.1821174621582
1, 2532951.75, 3.72508382797241
1, 231615.671875, 10.7155323028564
1, 97299.3359375, 5.54503154754639
1, 236872, 9.78016662597656
1, 572072, 22.3767318725586
1, 20293, 28.0835762023926
1, 340749.34375, 15.2874364852905
1, 64039.33203125, 15.6228637695312
1, 1269522.625, 7.40515565872192
1, 1061315, 5.11544275283813
1, 19717, 27.199878692627
1, 63559, 24.8949794769287
1, 395768.34375, 13.7135934829712
1, 17887.666015625, 55.9240608215332
1, 241455, 9.68670177459717
1, 43489.66796875, 63.984245300293
1, 1284589.375, 11.5669012069702
1, 75554.3359375, 15.2028398513794
1, 237735.328125, 9.40039253234863
1, 106214.3359375, 28.885139465332
1, 889856, 11.0616416931152
1, 23481, 22.1600322723389
1, 3753820.75, 11.6949033737183
1, 12770.3330078125, 2.90279245376587
1, 166469.328125, 10.3330545425415
1, 67341, 17.7197093963623
1, 61461, 17.9307861328125
1, 32081, 28.5044269561768
1, 232330, 14.0509052276611
1, 1073984.625, 6.40811204910278
1, 153451.328125, 11.3572702407837
1, 471870.34375, 6.84158992767334
1, 41478.66796875, 26.2338619232178
1, 66415, 39.6554565429688
1, 919597.6875, 8.71521186828613
1, 214174.671875, 34.2421684265137
1, 228885.671875, 12.2295780181885
1, 44233.66796875, 30.2559394836426
1, 400057.34375, 9.69315910339355
1, 160576.328125, 12.3850469589233
1, 455969, 3.97309327125549
1, 1899533.625, 13.0192728042603
1, 20034, 26.250373840332
1, 13478.6669921875, 85.2594833374023
1, 13391519, 9.2118968963623
1, 195952.328125, 13.4645652770996
1, 1252146.375, 12.2081918716431
1, 1983633, 11.1510753631592
1, 63335.66796875, 41.8141098022461
1, 1372895.375, 10.9660520553589
1, 62348.66796875, 10.884370803833
1, 2937580.25, 7.21775674819946
1, 395536.34375, 13.3963098526001
1, 26727, 21.8363704681396
1, 383466.65625, 14.0673866271973
1, 53773.33203125, 12.9860467910767
1, 35259.33203125, 12.833930015564
1, 199133, 17.3521575927734
1, 480444.34375, 16.7817363739014
1, 716292.3125, 13.4135847091675
1, 13999.3330078125, 6.26467990875244
1, 1066316.625, 10.7389106750488
1, 66401, 39.6695213317871
1, 7703311, 7.05609512329102
1, 49706, 24.3051490783691
1, 366297.34375, 14.5578536987305
1, 35129.66796875, 16.1264095306396
1, 117102.3359375, 27.8617687225342
1, 642277.6875, 5.64550924301147
1, 9348487, 7.00177621841431
1, 324618.65625, 6.04214334487915
1, 137871.671875, 10.9627723693848
1, 6603, 83.1975250244141
1, 53744.66796875, 25.1541633605957
1, 11770038, 9.75846290588379
1, 306471, 8.78708076477051
1, 20103.5, 20.2925643920898
1, 299306, 9.65462875366211
1, 1159013.625, 13.9486846923828
1, 239799, 9.22440624237061
1, 27991.666015625, 36.7135391235352
1, 7385, 37.6915893554688
1, 885222, 12.770058631897
1, 12309413, 9.66642379760742
1, 3098, 75.2937545776367
1, 430844, 11.5179824829102
1, 63217, 14.6152658462524
1, 300382.65625, 28.1700897216797
1, 22929, 16.1910152435303
1, 942589.6875, 10.1584272384644
1, 649761.3125, 5.24474668502808
1, 1236106.375, 13.5397882461548
1, 130481.6640625, 12.4098587036133
1, 188431, 11.0932083129883
1, 271126, 12.459508895874
1, 18352, 37.5490417480469
1, 249262, 24.9912815093994
1, 1313052, 13.1163101196289
1, 94673.6640625, 4.66621446609497
1, 2838875.25, 3.15871524810791
1, 314474.65625, 8.23838996887207
1, 886135, 12.6181325912476
1, 67971.3359375, 16.594654083252
1, 117251, 15.5599021911621
1, 749751, 5.13388729095459
1, 31448, 41.6793632507324
1, 12857, 4.38120412826538
1, 1243779, 12.8339624404907
1, 27968.333984375, 43.2187957763672
1, 381340.65625, 9.8089599609375
1, 83442, 16.6654682159424
1, 20215, 34.0885467529297
1, 30801, 49.8729820251465
1, 4049340, 3.94924902915955
1, 3039118, 13.0413122177124
1, 17874.333984375, 95.9661483764648
1, 18584, 28.4115371704102
1, 5035681.5, 48.4269943237305
1, 309793, 28.8232574462891
1, 1461500.375, 13.9486074447632
1, 304002.65625, 33.759822845459
1, 247575, 10.9026489257812
1, 30139.333984375, 19.3991432189941
1, 63936.33203125, 41.0397491455078
1, 3458434, 7.82783365249634
1, 1024506.6875, 19.9514808654785
1, 275698.65625, 6.82797908782959
1, 15120.3330078125, 27.9145469665527
1, 980201.3125, 8.73012542724609
1, 162531, 7.95512533187866
1, 2243856.75, 10.729320526123
1, 35167.33203125, 14.1762323379517
1, 50164.33203125, 28.3023300170898
1, 5357, 50.6499557495117
1, 257596.671875, 24.0685176849365
1, 941863, 10.6205987930298
1, 419809, 11.0977869033813
1, 318355, 7.41058731079102
1, 9899098, 6.86340188980103
1, 178757, 12.9746913909912
1, 2500652, 6.02636337280273
1, 151346.671875, 14.1417255401611
1, 3249805.25, 2.78862547874451
1, 288593, 38.5510711669922
1, 454424.65625, 6.15406322479248
1, 130395.3359375, 12.0414800643921
1, 515686.65625, 19.9288330078125
1, 30019, 41.4286270141602
1, 272014.65625, 3.78301906585693
1, 11701492, 9.56075382232666
1, 1902105, 11.1541261672974
1, 118273.3359375, 27.8232402801514
1, 7632409.5, 6.94010210037231
1, 150421, 11.6556577682495
1, 3825, 61.3195686340332
1, 1396691, 5.05923414230347
1, 1268771.375, 12.4492597579956
1, 508075.34375, 20.4638080596924
1, 246366.328125, 13.30251121521
1, 26306, 14.2248916625977
1, 272092, 8.13730716705322
1, 74808.3359375, 15.7853002548218
1, 839979, 13.2410345077515
1, 12047673, 8.68752574920654
1, 116248, 9.34092712402344
1, 15043, 32.6597099304199
1, 37822.66796875, 27.1466064453125
1, 190122, 13.2927160263062
1, 92731, 44.3158416748047
1, 267327.65625, 6.15759944915771
1, 25464.666015625, 14.5769119262695
1, 88415.3359375, 47.0855369567871
1, 4108, 59.274585723877
1, 19020, 26.1491870880127
1, 309077.34375, 11.6061811447144
1, 138783.328125, 13.4262742996216
1, 124723, 11.5156364440918
1, 483959, 11.667914390564
1, 284407, 10.7001857757568
1, 3969, 66.3643264770508
1, 145960.671875, 14.4554634094238
1, 333016.34375, 11.8385171890259
1, 34059.33203125, 16.247745513916
1, 67198.3359375, 19.5635547637939
1, 5202454, 6.6164755821228
1, 307798.65625, 25.3049564361572
1, 163791.671875, 11.6098976135254
1, 1407475, 5.53227043151855
1, 66887.6640625, 38.580680847168
1, 474468, 10.5421943664551
1, 32034.333984375, 33.8563041687012
1, 112995, 15.7041902542114
1, 237619, 19.266429901123
1, 211623, 33.6650390625
1, 19116.666015625, 95.9661483764648
1, 61299.66796875, 11.2805023193359
1, 242887.671875, 9.2318811416626
1, 13656.3330078125, 85.0010147094727
1, 5998, 46.9990005493164
1, 182594, 10.726466178894
1, 1889416, 6.21824502944946
1, 1238432, 11.8952007293701
1, 934589.6875, 15.3159961700439
1, 381262.65625, 14.1907892227173
1, 1686696.375, 9.5917911529541
1, 214794, 7.38531923294067
1, 356875.34375, 10.3672132492065
1, 17034, 40.4543838500977
1, 206615.671875, 8.96829795837402
1, 379990.34375, 13.7272510528564
1, 38504.66796875, 27.2243690490723
1, 4315301, 37.0377044677734
1, 110056.6640625, 6.47130250930786
1, 1058177.625, 12.583212852478
1, 417869, 11.6143789291382
1, 312811.65625, 6.34258508682251
1, 475895, 3.19503259658813
1, 286004.65625, 0.878309667110443
1, 720787, 7.93548059463501
1, 21278, 31.2730464935303
1, 558168, 11.3761148452759
1, 158005.671875, 26.3158321380615
1, 33650.33203125, 62.9984893798828
1, 417094.34375, 11.1464385986328
1, 117498.6640625, 22.4473972320557
1, 18733.5, 28.5275382995605
1, 387531.34375, 12.176718711853
1, 1941734, 3.39733791351318
1, 91912.3359375, 44.8868980407715
1, 163581.328125, 13.0331296920776
1, 26431.333984375, 84.3024826049805
1, 513077.65625, 20.7564144134521
1, 270331.34375, 7.34142255783081
1, 564442.6875, 16.8289947509766
1, 143999.671875, 13.9845790863037
1, 312694.65625, 6.75855302810669
1, 774273.6875, 11.8700895309448
1, 150059.671875, 9.91444301605225
1, 72258.6640625, 17.53271484375
1, 197344.328125, 11.7969598770142
1, 81795.6640625, 14.3258676528931
1, 16741, 31.9216289520264
1, 36719.33203125, 15.2253360748291
1, 1947134.625, 6.47511005401611
1, 28098.333984375, 84.9576721191406
1, 35014, 12.5892496109009
1, 29620.333984375, 44.7057113647461
1, 583856, 20.2609996795654
1, 439580, 12.7573719024658
1, 264814, 8.90904426574707
1, 25003.666015625, 33.0999603271484
1, 113783, 27.4750080108643
1, 31626, 44.608470916748
1, 402950.65625, 15.150915145874
1, 112628, 31.2398738861084
1, 199499.328125, 8.56029319763184
1, 30934, 17.3052654266357
1, 469989.65625, 12.7958173751831
1, 113269.6640625, 27.0632476806641
1, 3670407, 9.78515815734863
1, 7629682.5, 7.29222679138184
1, 4017047.75, 6.28115653991699
1, 308902.65625, 19.525598526001
1, 19577, 32.3696403503418
1, 27877.666015625, 28.1580410003662
1, 1419951, 8.06680774688721
1, 473088.65625, 10.2414522171021
1, 4574557.5, 5.41407012939453
1, 27233, 42.3185920715332
1, 10964459, 6.76518774032593
1, 272355, 10.2337446212769
1, 70631, 36.6935882568359
1, 2279073.75, 4.9356427192688
1, 218623.5, 1.06560122966766
1, 692724, 18.8878421783447
1, 97837, 14.6114282608032
1, 271600.65625, 9.04374408721924
1, 403561.65625, 8.48526287078857
1, 606693.6875, 10.3694696426392
1, 282451, 8.65756702423096
1, 33391.66796875, 66.8067092895508
1, 3023565.75, 8.11499786376953
1, 26884, 33.8444519042969
1, 60852.66796875, 17.7072200775146
1, 27284, 19.2017307281494
1, 1856574.625, 11.3969640731812
1, 4659253.5, 43.3418579101562
1, 25332.666015625, 33.9359970092773
1, 15697, 11.8396024703979
1, 277804.34375, 12.8637819290161
1, 5174174.5, 47.8193473815918
1, 3723472.75, 8.33822631835938
1, 923941, 14.3513669967651
1, 1341818, 11.4050388336182
1, 2635105, 5.3374547958374
1, 2920558.75, 13.0586500167847
1, 20177, 23.8984985351562
1, 590439, 11.7591047286987
1, 401673.65625, 13.8772583007812
1, 129533.3359375, 10.9102392196655
1, 408260, 8.01231956481934
1, 972441, 7.84604740142822
1, 3659331.75, 10.9401884078979
1, 449404, 12.2518835067749
1, 17384, 25.9906005859375
1, 546345.6875, 18.3754940032959
1, 176391.671875, 9.26961231231689
1, 305529.65625, 8.46857261657715
1, 9938684, 9.46970176696777
1, 1796351.625, 4.82982540130615
1, 10454204, 9.59781360626221
1, 937816, 11.2001399993896
1, 108417, 28.7727336883545
1, 142499.328125, 14.9472379684448
1, 310635.34375, 7.90095901489258
1, 504680.34375, 20.5166893005371
1, 531114.3125, 10.2292327880859
1, 2004246.625, 8.61061191558838
1, 1564820.375, 4.43890190124512
1, 578214, 6.9220495223999
1, 162546, 8.96405601501465
1, 10414.3330078125, 57.067325592041
1, 14951, 24.554271697998
1, 6352, 40.8847618103027
1, 20654, 12.7481355667114
1, 29880.333984375, 46.0932693481445
1, 440262.65625, 11.0647354125977
1, 10842, 0.249031543731689
1, 473098.34375, 13.9522247314453
1, 1270297, 5.35286045074463
1, 518348.65625, 16.5021648406982
1, 182112.328125, 10.9295377731323
1, 2755317.25, 5.50868272781372
1, 459162, 13.9985265731812
1, 327772.34375, 9.74784183502197
1, 1319432.375, 8.35436058044434
1, 229710.5, 9.99539470672607
1, 25957, 66.0862197875977
1, 317788.65625, 7.00032567977905
1, 91343.3359375, 11.1950740814209
1, 1914697.375, 12.2367134094238
1, 41919.66796875, 37.2267951965332
1, 70129.6640625, 17.7101535797119
1, 337552.65625, 15.9214429855347
1, 595398.3125, 16.450216293335
1, 912669, 11.1735982894897
1, 48657.33203125, 28.0391101837158
1, 101409.6640625, 9.39191913604736
1, 3098529.75, 5.14315795898438
1, 573624.6875, 16.8971138000488
1, 4310245.5, 2.26257109642029
1, 11108, 52.1696243286133
1, 55452, 11.9850244522095
1, 159401.671875, 9.62088871002197
1, 9282562, 8.75018215179443
1, 281966.65625, 15.7604179382324
1, 457914.34375, 12.9962158203125
1, 59411.33203125, 17.5117378234863
1, 273241, 11.5681123733521
1, 10776265, 10.4714431762695
1, 529828.6875, 9.01173400878906
1, 179556, 12.408805847168
1, 154872, 13.3162879943848
1, 260745.328125, 36.055736541748
1, 115568, 27.7284049987793
1, 43591.33203125, 61.1018142700195
1, 3804630.75, 8.95528316497803
1, 558828, 11.0569343566895
1, 310934.65625, 13.8640909194946
1, 24339, 20.7824649810791
1, 373299.65625, 11.5889730453491
1, 1502598.625, 5.56485939025879
1, 518660.34375, 12.3429336547852
1, 115081.6640625, 27.2910633087158
1, 12012932, 9.06934642791748
1, 34786, 14.4133176803589
1, 47878.66796875, 21.4070091247559
1, 1570629.375, 9.91703510284424
1, 56840, 12.0780124664307
1, 432987, 15.7813234329224
1, 1057407, 19.5826854705811
1, 58540, 44.5505447387695
1, 44639.33203125, 35.4702796936035
1, 21082, 27.8863487243652
1, 249642, 11.5755243301392
1, 207358, 13.8072967529297
1, 5960, 45.520133972168
1, 275977.34375, 34.7201614379883
1, 181064, 44.0787467956543
1, 149529.328125, 22.8201484680176
1, 34325.33203125, 12.5878171920776
1, 3079749, 7.10577630996704
1, 1298633, 9.62324237823486
1, 233726.328125, 6.58868169784546
1, 296860.65625, 13.0300693511963
1, 147623, 16.2837142944336
1, 345930, 17.6816120147705
1, 6658514.5, 7.54717826843262
1, 1127966.625, 12.1597700119019
1, 1508931.375, 5.46037483215332
1, 607478.3125, 10.627179145813
1, 331691, 7.39328527450562
1, 2230559.75, 3.14312720298767
1, 21006, 25.3141536712646
1, 4142, 57.7257347106934
1, 77192.3359375, 14.8235292434692
1, 330850.65625, 12.2640762329102
1, 33228.66796875, 39.4800872802734
1, 1203812.375, 9.01041984558105
1, 252176.328125, 4.50775909423828
1, 70661, 25.5685596466064
1, 1585246, 10.4301795959473
1, 30114.666015625, 19.0917701721191
1, 10299266, 6.87208461761475
1, 119724, 16.7288970947266
1, 2203844.75, 10.9467144012451
1, 762277.3125, 16.8662395477295
1, 113891.6640625, 9.73117733001709
1, 1547787, 9.64377021789551
1, 312307.65625, 8.79919338226318
1, 1019237.6875, 8.48126697540283
1, 48989, 25.4578819274902
1, 387595.65625, 13.379017829895
1, 1024043.6875, 7.66771411895752
1, 810572.3125, 8.42675018310547
1, 20539, 30.3457221984863
1, 450473.65625, 13.7192296981812
1, 290290, 29.2154598236084
1, 66780, 23.3127307891846
1, 1658805, 11.0874290466309
1, 9789613, 9.93119049072266
1, 19148, 39.1215782165527
1, 1912919.375, 10.7977352142334
1, 1083668.375, 14.2716436386108
1, 36267, 31.8033046722412
1, 43509, 26.4387512207031
1, 1706143, 10.9289627075195
1, 21473, 11.8753786087036
1, 29924, 19.2025470733643
1, 77460.3359375, 54.3197174072266
1, 29917, 19.9810085296631
1, 260101, 8.91220092773438
1, 398184.65625, 14.3455667495728
1, 157455.328125, 7.95445251464844
1, 209031.328125, 8.10008335113525
1, 64734, 14.4824523925781
1, 384849, 22.2143745422363
1, 671603.3125, 14.2110824584961
1, 1153741.625, 3.71375155448914
1, 446823.5, 15.7666063308716
1, 66233, 84.6495742797852
1, 4728, 68.6125183105469
1, 25176.333984375, 40.0096473693848
1, 115926, 28.4329986572266
1, 128811.3359375, 12.7691211700439
1, 80023, 18.169677734375
1, 17482.333984375, 53.5942459106445
1, 27342, 19.1609973907471
1, 3909481.75, 2.78438687324524
1, 711588.6875, 19.0381851196289
1, 198469.328125, 22.7872714996338
1, 230129.328125, 29.1667022705078
1, 55358.66796875, 12.8227005004883
1, 19010.666015625, 95.8684844970703
1, 294226.65625, 32.9014854431152
1, 80985, 38.4645309448242
1, 118405, 28.3560943603516
1, 21387, 18.9554405212402
1, 309351, 34.9649276733398
