0, 0, 0, 0, 0, 0, 0.000117673164368171, 0, 0, 0, 0, 0, 0, 0, 0, 0, 0, 0, 0, 0, 0, 0, 0, 0, 0, 0, 0, 0, 0, 0, 0, 0, 0, 0, 0, 0, 0, 0, 0, 0, 0, 0, 0, 0, 0, 0, 0, 0, 0, 0, 0, 0, 0, 0, 0, 0, 0, 0, 0, 0, 0, 0, 1.0086271373666e-05, 0, 0, 0, 0, 0, 0, 0, 0, 0, 0, 0, 0, 0, 0, 0, 0, 0, 0, 0, 0, 0.0198766792891547, 0, 0, 0, 0, 0, 0, 0, 0.650160317309201, 0, 1.1504930909723, 0, 0, 0, 0, 0, 0, 0, 0, 0, 0, 0
0, 0, 0, 0.471763755194843, 0.630469131283462, 0, 0, 0.287313549779356, 0, 0, 0, 0, 0.116774695925415, 0, 0, 0, 0, 0, 0, 0, 0, 0, 0, 0, 0.235640633036382, 0.0608107598964125, 0, 0, 0, 0, 0, 0, 0, 0, 0, 0, 0, 0.198102201102301, 0, 0, 0, 0, 0, 0, 0, 0, 0, 0, 0.354594062082469, 0, 1.67142217978835, 0, 0, 0, 0, 0, 0, 0, 0, 0, 0, 0, 0, 0, 0, 0, 0, 0, 0, 0, 0, 0, 0, 0.14554230729118, 0, 0, 0, 0, 0, 0, 0, 0, 0, 0, 0, 0, 0, 0, 0, 0, 0, 2.49145058915019, 0, 0.212416122667491, 0, 0, 0, 0, 0, 0, 0, 0, 0, 0, 0
0, 0, 0, 0, 0, 0, 0, 0.00525855139130726, 0, 0, 0, 0, 0.0143263823702, 0, 0, 0, 0, 0, 0, 0, 0, 0, 0, 0, 0, 0.0482041039504111, 0, 0, 0, 0, 0, 0, 0, 0, 0, 0, 0, 0, 0, 0, 0, 0, 0, 0, 0, 0, 0, 0, 0, 0, 0, 0, 0, 0, 0, 0, 0, 0, 0, 0, 0, 0, 0, 0, 0, 0, 0, 0, 0, 0, 0, 0, 0, 0, 0, 0, 0, 0, 0, 0, 0, 0, 0, 0, 0, 0, 0, 0, 0, 0, 0.0138689181767404, 0, 0.683685904368758, 0, 0, 0, 0, 0, 0, 0, 0, 0, 0, 0, 0
5.06950371459425e-05, 0.157242885325104, 0.104846060276031, 0, 7.92410006056343e-05, 0, 4.37064628044936e-05, 2.2149070133537e-05, 7.51829276168792e-05, 0, 0, 0, 0, 0, 0, 0.0524177856277674, 0, 0.02255343933939, 2.45157735889734e-05, 0, 0, 0, 0, 0, 0.12459577046684, 0.00026821129495147, 0, 0, 0, 0, 0, 0.0527157310216353, 0, 3.61540998028431e-05, 0, 0, 0, 0, 0, 0, 0, 3.14764619702146e-05, 4.08596214640511e-06, 0, 0, 0.0389450537113589, 0, 0, 0.104828586336225, 0.0698979821109447, 0, 0.0176186687895097, 0.131228216923773, 0, 0, 0.0349708163412288, 0, 0.0583584449486807, 1.92464597148501e-05, 0, 0, 0, 0, 5.30617398908362e-05, 4.08596214640511e-06, 0, 0.0925991247640923, 0, 0, 0, 0, 0, 0, 1.45688215269502e-05, 0, 0, 0, 0, 0, 0, 0.00980496770353056, 0, 0, 0, 0, 0, 0, 0, 0, 0, 0, 0.388619396835566, 0.915578380227089, 0, 0, 0, 0, 0, 0, 0, 0, 0, 0, 0, 0
0.217694912981869, 0.100801637745462, 0.145306967897341, 0.000184933689695299, 0, 0, 0.00561962434915131, 0.0117045536171645, 0.00103408019640483, 1.5910121220486e-06, 1.73571166328657e-06, 0.00806062666356411, 0.000157943054546195, 0, 2.06369694666364e-06, 0.0210336464988359, 4.00335053996059e-07, 0.0004208975695974, 1.84209710596406e-05, 0, 0.000650456354378548, 0, 2.16963957910821e-06, 1.22943397684594e-06, 0.0146552769251684, 0.122342163649591, 8.34262969817701e-07, 0, 0, 0, 0, 4.00335053996059e-07, 0, 0.0208858909445553, 0.00560469052288681, 0.00212010321263278, 0, 0, 0.153498781810413, 0, 0.000199002403178383, 0.000525228142578271, 0, 2.20184261934264e-05, 0, 0, 4.17131467145282e-06, 0.0223088162783824, 0.0623645959421992, 0.0108909584730199, 0, 4.24282958988442e-05, 0.0600666680838913, 0, 0, 5.20713534513106e-06, 0, 2.58257784935267e-05, 0.137526979233371, 0.00799501749497722, 1.03443049681573e-06, 0.00809085182940095, 0, 0.0748993035813328, 0, 0, 8.34262969817701e-07, 0, 0, 4.00335053996059e-07, 0, 0, 0.0186906894668937, 0.00042828982032006, 0, 0, 0, 0, 0, 0, 0, 0, 0, 0, 0, 0, 0, 0, 0, 0, 0, 0, 0.0753018131945282, 8.34262969817701e-07, 0, 0, 0, 0, 0, 0, 0, 0, 0, 0, 0
1.84397248085588, 0, 0, 0, 0.412255493057501, 0, 0, 0, 0, 0, 0, 0.0813608814496547, 0, 0, 0, 0.289451031312637, 0, 0, 0, 0, 0, 0, 0, 0, 0.00649049188723438, 0.00023495736058976, 0, 0, 0, 0, 0, 0, 0, 0, 0, 0.103051483165473, 0, 0, 0, 0, 0, 0.00200135082195629, 0, 0, 0, 0, 0, 0.0830160787927525, 0, 0, 0, 0, 0.0412205903558061, 0, 0, 0, 0, 0.0813364807981998, 0, 0, 0, 0, 0, 0.165287614800036, 0, 0, 0, 0, 0, 0, 0, 0, 0, 4.12205913846719e-06, 0, 0, 0, 0.0826899602543563, 0, 0, 2.06102953370646e-05, 0, 0, 0, 0, 0, 0, 0, 0, 0, 0, 0, 0, 0, 0, 0, 0, 0, 0, 0, 0, 0, 0, 0, 0
0.00525372745414643, 0.152010866440833, 0.128631095867604, 0.20570419728756, 1.02883888075667e-06, 0, 0, 0.61470816206679, 6.44972658392362e-05, 0, 0.00580052183067892, 0, 0, 0, 0, 1.83308017653872e-05, 0, 0, 9.69221680691135e-07, 0, 0, 0, 0, 0, 0.030276501638582, 0.0682642162386671, 0, 0, 0, 0, 0.000141465341130242, 0, 0, 0.077178489587304, 0, 0.00106178285932401, 0, 0, 0, 0, 0, 0, 0, 0, 0, 0, 0, 0, 0, 0.0961319110047043, 0, 0.00182991670953925, 0.172796287728616, 0.194547459250316, 0, 0, 0, 0, 0.313274271320552, 0.00878841747180559, 0, 0, 0, 0.00443415901827393, 0, 0, 0.000339459279530274, 0, 5.14419440378333e-07, 0.000180561210072483, 0, 0, 0, 0.00492699584810907, 0, 0, 0, 0, 0, 0, 0, 0, 0, 0.00591198618868916, 0, 0, 0, 5.14419440378333e-07, 0, 0, 0, 0.565371860284358, 0.224529812112451, 0.203074130695313, 0.0110508352918259, 0, 0, 0, 0, 0, 0, 0, 0, 0, 0
0, 0.0195029817405157, 0.338356685824692, 0, 0, 0, 0, 0, 0, 0, 0, 0, 0.00165145156643121, 0, 0, 0, 0, 0, 0, 0, 0, 0, 0, 0, 0.0495442072860897, 0.367797422222793, 0, 0, 0, 0, 0, 1.38721929943131e-05, 0, 0.00207092034543166, 0, 0, 0, 0, 0, 0, 0, 0, 0, 0, 0, 0, 0, 0, 0, 0, 0, 0, 0, 0, 0, 0.0528530566953123, 0, 0.0660580641124398, 0, 0, 0, 0, 0, 0, 0.0165145160281099, 0, 0, 0, 0, 0, 0.0453901215223595, 0, 0.00144733221532078, 0.0528464501257986, 0, 0.0615346914855763, 0, 0, 0, 0, 0, 0.0198279900359921, 0, 0, 0, 0, 0, 0, 0, 0, 0.215939368354157, 0.487264757975936, 0.147759995888919, 0.085211603436619, 0, 0, 0, 0, 0, 0, 0, 0, 0, 0, 0
0.689281837549061, 0.285751826595515, 0.18512811511755, 0, 0.409655750263482, 0, 0.0802447423872366, 0.000121707219591372, 0, 0, 0, 0, 0.000585554971621605, 0, 0, 0, 0, 0, 0, 0, 0, 0, 0, 0, 0, 0.000871365892862741, 0, 0, 0, 0, 0, 0, 0, 0.000267132736553322, 0, 0, 0, 0, 0, 0, 0, 4.79902744210392e-06, 0, 0, 0, 0, 0, 0, 0.000470153645437676, 0, 0, 0.062515662284568, 0, 0, 0, 0, 0, 1.83105974826958e-05, 0, 0, 0, 0, 0, 2.16441403466661e-05, 0, 0, 0, 0, 0, 0, 0, 0, 0, 0, 0, 0, 0, 0, 0, 0, 0, 0, 0, 0, 0, 0, 0, 0, 0, 0, 0, 0.425418931990862, 3.01046249903738, 0, 0, 0, 0, 0, 0, 0, 0, 0, 0, 0, 0
0, 0.774173764511943, 0, 0, 0, 0, 0, 0, 0.775174237787724, 0, 0, 0, 0, 0, 0, 0, 0, 0, 0, 0, 0, 0, 0, 0, 0, 0, 0, 0, 0, 0, 0, 0, 0, 0, 0, 0, 0, 0, 0, 0, 0, 0, 0, 0, 0, 0, 0, 0, 1.2772710993886, 0, 0, 0, 0, 2.41490723565221, 0, 0, 0, 0, 0, 0, 0, 0, 0, 0, 0, 0, 0, 0, 0, 0, 0, 0, 0, 0, 0, 0, 0, 0, 0, 0, 0, 0, 0, 0, 0, 0, 0, 0, 0, 0, 0, 0, 0, 0, 0, 0, 0, 0, 0, 0, 0, 0, 0, 0, 0
0, 0, 0, 0, 0, 0, 0, 0, 0, 0, 0, 0, 0, 0, 0, 0, 0, 0, 0, 0, 0, 0, 0, 0, 2.37638354301453, 8.01905989646912, 0, 0, 0, 0, 0, 0, 0, 0, 0, 0, 0, 0, 0, 0, 0, 0, 0, 0, 0, 0, 0, 0, 0, 0, 0, 0, 0, 0, 0, 0, 0, 0, 0, 0, 0, 0, 0, 0, 0, 0, 0, 0, 0, 0, 0, 0, 0, 0, 0, 0, 0, 0, 0, 0, 0, 0, 0, 0, 0, 0, 0, 0, 0, 0, 0, 0, 0, 0, 0, 0, 0, 0, 0, 0, 0, 0, 0, 0, 0
0.902069662697613, 0.608869688585401, 0, 0.021930385264568, 0, 0, 0, 0, 0, 0, 0, 0, 0.00223732859012671, 0, 0, 0, 0, 0, 0, 0, 0, 0, 0, 0, 0.352332787588239, 0, 0, 0, 0, 0, 0, 0, 0, 0, 0, 0, 0, 0, 0, 0, 0, 0, 0, 0, 0, 0, 0, 0, 0, 0, 0, 0, 0, 0.201333733275533, 0, 0, 0, 0, 0, 0, 0, 0, 0, 0.0937554810661823, 0, 0, 0, 0, 0, 0, 0, 0, 0, 0, 0, 0, 0, 0, 0, 0, 0, 0, 0, 0, 0, 0, 0, 0, 0, 0, 0, 0.251673464663327, 1.15688997320831, 0, 0, 0, 0, 0, 0, 0, 0, 0, 0, 0, 0
0.0899415463209152, 0.182734610280022, 0.324733648449183, 0, 0.2319399965927, 0, 0.11596999829635, 0.00404676247853786, 0, 0, 0, 0, 0, 0, 0, 0, 0, 0, 0, 0, 0, 0, 0, 0, 0, 0.2319399965927, 0, 0, 0, 0, 0, 0.276913019479252, 0, 0, 0, 0, 0, 0, 0, 0, 0, 0, 0, 0, 0, 0, 0, 0, 0, 0, 0, 0, 0.134914566297084, 0, 0, 0, 0, 0.0913628813577816, 0, 0, 0, 0.0100205237686168, 0, 0.2319399965927, 0, 0, 0, 0, 0, 0, 0, 0, 0, 0, 0, 0, 0, 0, 0, 0, 0, 0, 0, 0, 0, 0, 0, 0, 0, 0, 0, 0, 0, 0, 0, 0, 0, 0, 0, 0, 0, 0, 0, 0, 0
1.02564888074994, 0.855288282036781, 0, 0, 0, 0, 0, 0, 0, 0, 0, 0, 0.0059467149185366, 0, 0, 0, 0, 0, 0, 0, 0, 0, 0, 0, 0, 0.0349542591720819, 0, 0, 0, 0, 0, 0, 0, 0.590209662914276, 0, 0, 0, 0, 0, 0, 0, 0, 0, 0, 0, 0, 0, 0, 0.171061081346124, 0, 0, 0.196743127889931, 0.341882975772023, 0.51282444037497, 0, 0, 0, 0.10271870996803, 0, 1.19518917053938, 0.0578755403694231, 0, 0, 0, 0, 0, 0, 0, 0, 0, 0.0683765974827111, 0, 0, 0, 0, 0, 0, 0, 0, 0, 0, 0, 0, 0, 0, 0, 0, 0, 0.156690624862676, 0, 0, 0, 0, 0, 2.02664844691753, 0, 0, 0, 0, 0, 0.0731434789486229, 0, 0, 0, 0
0.664825784042478, 1.75646748393774, 3.51289957761765, 0, 0, 0, 0, 0, 0, 0, 0, 0, 0, 0, 0, 0, 0, 0, 0, 0, 0, 0, 0, 0, 0, 0, 0, 0, 0, 0, 0, 0, 0, 0, 0, 0, 0, 0, 0, 0, 0, 0, 0, 0, 0, 0, 0, 0, 0, 0, 0, 0, 2.81050242483616, 1.76884848624468, 0, 0, 0, 0, 0, 0, 0, 0, 0, 0.882439687848091, 0, 0, 0, 0, 0, 0.559497089125216, 0, 0, 0, 0, 0, 0, 0, 0, 0, 0, 0, 2.81039699912071, 0, 0, 0, 0, 0, 0, 0, 0, 0, 0, 0, 0, 0, 0, 0, 0, 0, 0, 0, 0, 0, 0, 0
0, 0, 0, 0, 0.00184750284688562, 0, 0, 0, 0, 0, 0, 0, 0, 0, 0, 0, 0, 0, 0, 0, 0, 0, 0, 0, 0, 0, 0, 0, 0, 0, 0, 0.103873945772648, 0, 0, 0, 0, 0, 0, 0, 0, 0, 0, 0, 0, 0, 0, 0, 0, 0, 0, 0, 0, 0, 0, 0, 0, 0, 0.0519172463100404, 0, 0, 0, 0, 0, 0, 0, 0, 0, 0, 0, 0, 0, 0, 0, 0, 0, 0, 0, 0, 0, 0, 0, 0, 0, 0, 0, 0, 0, 0, 0, 0, 0, 0, 0, 0, 0, 0, 0, 0, 0, 0, 0, 0, 0, 0, 0
0, 0, 0, 0, 0, 0, 0, 0, 0, 0, 0, 0, 0, 0, 0, 0, 0, 0, 0, 0, 0, 0, 0, 0, 0, 0, 0, 0, 0, 0, 0, 0, 0, 0, 0, 0, 0, 0, 0, 0, 0, 0, 0, 0, 0, 0, 0, 0, 0, 0, 0, 0, 0, 0, 0, 0, 0, 0, 0, 0, 0, 0, 0, 0, 0, 0, 0, 0, 0, 0, 0, 0, 0, 0, 0, 0, 0, 0, 0, 0, 0, 0, 0, 0, 0, 0, 0, 0, 0, 0, 0, 0, 0, 0, 0, 0, 0, 0, 0, 0, 0, 0, 0, 0, 0
0.000992576769931475, 0, 0.000690039018991229, 0.000728725899534766, 0.0161795484018512, 0, 0.00120530185085954, 0.000657044449781097, 0.00198178022401407, 0, 0, 0, 0, 0, 0, 4.51171246140802e-05, 0, 0, 0.00493189199914923, 0, 0.000141043733492552, 0, 0.000319614781574273, 0.000315819875140733, 0.00135351374410675, 0.00817442205516272, 9.02342492281605e-05, 0, 0, 0, 0, 0, 0, 0.00256640541920206, 4.51171246140802e-05, 0, 0, 0.0374664011360437, 0, 0, 0.00135730865054029, 0.000960741772360052, 0, 0, 0, 0, 0, 0.000276395110176963, 0.000827287863103265, 0, 0, 0.000162653557822523, 9.21316996027599e-05, 0, 0, 9.02342492281605e-05, 0, 0.000188058299954719, 0, 0, 0, 0, 0, 0, 0, 0, 4.70145749886797e-05, 0, 0, 0, 0, 0, 0, 0, 0, 0, 0, 0, 0, 0, 0, 0, 0, 0, 0, 0, 0, 0, 0, 0, 0, 0, 0, 0, 0, 0, 0, 0, 0, 0, 0, 0, 0, 0, 0
0, 0, 0, 0, 0, 0, 0, 0, 0, 0, 0, 0, 0, 0, 0, 0, 0, 0, 0, 0, 0, 0, 0, 0, 0.269379001110792, 0, 0, 0, 0, 0, 0, 0, 0, 0, 0, 0, 0, 0, 0, 0, 0, 0, 0, 0, 0, 0, 0, 0, 0, 0, 0, 0, 0, 0, 0, 0, 0, 0, 0.195831200107932, 0.0756334397010505, 0, 0, 0, 0, 0, 0, 0, 0, 0, 0.00340226724802051, 0, 0, 0, 0, 0, 0, 0, 0, 0, 0, 0, 0, 0, 0, 0, 0, 0, 0, 0, 0, 0.073031015926972, 0, 0.626910873688757, 0, 0.000294581718662812, 0, 0, 0, 0, 0, 0, 0, 0, 0, 0
0, 0, 0, 0, 0, 0, 0, 0.00469219830847578, 0, 0, 0, 0, 0, 0, 0, 0, 0, 0, 0, 0, 0, 0, 0, 0.000201177749659109, 0, 0, 0, 0, 0, 0, 1.3683384736396e-05, 0, 0, 0.410569971427321, 0, 0.000547335412193206, 0, 0, 0, 0, 0, 0, 0, 0, 0, 0, 0, 1.34118494088398e-05, 0, 0, 0, 0, 0, 0.402422528713942, 0, 0, 0, 0, 0, 0, 0, 0, 0, 0.402422528713942, 0, 0, 0, 0, 0, 0, 0, 0, 0, 0, 0, 0, 0, 0, 0, 0, 0.610299198888242, 0, 0, 0, 0, 0, 0, 0, 0, 0, 0, 0, 0, 0, 0, 0, 0, 0, 0, 0, 0, 0, 0, 0, 0
0, 0, 0, 0, 0, 0, 0, 0, 0, 0, 0, 0, 0, 0, 0, 0, 0, 0, 0, 0, 0, 0, 0, 6.93098058945907e-06, 0, 0, 0, 0, 0, 0, 0, 0, 0, 0, 0, 0, 0, 0, 0, 0, 0, 0.00988308784144465, 0, 0, 0, 0, 0, 0.00555087844986701, 0, 0, 0, 0, 0, 0, 0, 0, 0, 0, 0, 0, 0, 0, 0, 0, 0, 0, 0, 0, 0, 0, 0, 0, 0, 0.00218592131204787, 0, 0, 0, 0, 0, 0, 0, 0, 0, 0, 0, 0, 0, 0, 0, 0, 0, 0, 0, 0, 0, 0, 0, 0, 0, 0, 0, 0, 0, 0, 0
0, 0, 0, 0, 0, 0, 0, 0, 0, 0, 0, 0, 0, 0, 0, 0, 0, 0, 0, 0, 0, 0, 0, 0, 0, 0, 0, 0, 0, 0, 0, 0.218487321399152, 0, 0.762027874588966, 0, 0, 0, 0, 0, 0, 0, 0, 0, 0, 0, 0, 0, 0, 0, 0, 0, 0, 0.327730993740261, 0, 0, 2.18443631183618e-05, 0, 0.762688228860497, 0, 0, 0, 0, 0, 0, 0, 0.0436887261457741, 0, 0, 0, 0.218487321399152, 0, 0, 0, 0, 0, 0, 0, 0, 0, 0, 0, 0, 0, 0, 0, 0.218443642370403, 0, 0, 0, 0, 0, 0, 0, 0, 0, 0, 0, 0, 0, 0, 0, 0, 0, 0, 0
0, 0, 0, 0, 0, 0, 0, 0, 0, 0, 0, 0, 0, 0, 0, 0, 0, 0, 0, 0, 0, 0, 0, 0, 0, 0, 0, 0, 0, 0, 0, 0, 0, 0, 0, 0, 0, 0, 0, 0, 0, 0, 0, 0, 0, 0, 0, 0, 0, 0, 0, 0, 0, 0, 0, 0, 0, 1.46463280543685, 0, 0, 0, 0, 0, 0, 0, 0, 0, 0, 0, 0, 0, 0, 0, 0, 0, 0, 0, 0, 0, 0, 0, 0, 0, 0, 0, 0, 0, 0, 0, 0, 0, 0, 0, 0, 0, 0, 0, 0, 0, 0, 0, 0, 0, 0, 0
0, 0, 0, 0, 0, 0, 0, 0, 0, 0, 0, 0, 0, 0, 0, 0, 0, 0, 0, 0, 0, 0, 0, 0, 0, 0, 0, 0, 0, 0, 0, 0, 0, 0, 0, 0, 0, 0, 0, 0, 0, 0, 0, 0, 0, 0, 0, 0, 0, 0, 0, 0, 0, 0, 0, 0, 0, 0, 0, 0, 0, 0, 0, 3.39537677973567e-05, 0, 0, 0, 0, 0, 0, 0, 0, 0, 0, 0, 0, 0, 0, 0, 0, 0, 0, 0, 0, 0, 0, 0, 0, 0, 0, 0, 0, 0, 0, 0, 0, 0, 0, 0, 0, 0, 0, 0, 0, 0
0, 0, 0, 0.000498458803122048, 0, 0, 4.74461738342313e-05, 4.03894446776576e-06, 0, 0, 0, 0, 0.000495457955906886, 0, 0, 0, 0, 0, 0, 0, 0, 0, 0, 2.06485012199664e-05, 0, 0, 0, 0, 0, 0, 0, 0, 0, 0, 0, 0, 0, 0, 0, 0, 0.000107855078113062, 0, 0, 0, 0, 0, 0.00572388671571389, 4.74915509585117e-05, 0, 0, 0, 0, 0, 0, 0, 0, 0, 0, 0, 0.00148897257190583, 0, 0, 0, 1.97409431024198e-06, 0, 0, 0, 0, 0, 0, 0, 0, 0, 0, 0, 0, 0, 0, 0, 0, 0, 0, 0, 0, 0, 0, 0, 0, 0, 0, 0.166685489239171, 0, 0.2871721284464, 0, 0, 0, 0, 0, 0, 0, 0, 0, 0, 0, 0
0.00895011762622744, 0, 0.00607817819400225, 0.00122138389997417, 0.0107241845398676, 0, 0, 0.0822729663923383, 5.16645116022119e-05, 0.0933245464693755, 0.0533537415321916, 0, 0, 0, 0, 0.000350499385604053, 0, 0.000207231028070964, 0.0508900498971343, 0, 0, 0, 0, 0, 0, 0, 0, 0, 0, 0, 0, 0, 0, 0, 0, 0, 0, 0, 0, 0, 0, 0.00316567489164754, 0, 0, 0, 0, 0, 0.0132029861561023, 0.0254083017352968, 0, 0, 0.00489546582684852, 0, 0, 0, 1.06811652855754e-06, 0, 0, 0.0695839349646121, 0.0363746541552246, 0, 0, 0, 0.0199235073523596, 0, 1.12320339695771e-06, 5.06514830078686e-07, 0, 0, 0, 0.00759924223530106, 0, 0, 3.03908933574348e-06, 0, 0, 0, 0, 0, 0, 0, 0, 0, 0, 0, 0, 0, 0, 0, 0, 0, 0.337787379976362, 0.0463496544398367, 0.00155060721489519, 0, 0, 0, 0, 0, 0, 0, 0, 0, 0, 0
0, 0, 0, 0, 0.67805671133101, 0, 0, 0, 0, 0, 0, 0, 0, 0, 0, 0, 0, 0, 0, 0, 0, 0, 0.0623360159806907, 0, 0, 0, 0, 0, 0, 0, 0, 0, 0, 0, 0, 0, 0, 0, 0, 0, 0, 0, 0, 0, 0, 0, 0, 0, 0, 0, 0, 0, 0, 0, 0, 0, 0, 0, 0, 0, 0, 0, 0, 0, 0, 0, 0, 0, 0, 0, 0, 0, 0, 0, 0, 0, 0, 0, 0, 0, 0, 0, 0, 0, 0, 0, 0, 0, 0, 0, 0, 0, 0, 0, 0, 0, 0, 0, 0, 0, 0, 0, 0, 0, 0
0, 0, 0, 0, 0, 0, 0, 0, 0, 0, 0, 0, 0, 0, 0, 0, 0, 0, 0, 0, 0, 0, 0, 0, 0, 0, 0, 0, 0, 0, 0, 0, 0, 0, 0, 0, 0, 0, 0, 0, 0, 0, 0, 0, 0, 0, 0, 0, 0, 0, 0, 0, 0, 0, 0, 0, 0, 0, 0, 0, 0, 0, 0, 0, 0, 0, 0, 0, 0, 0, 0, 0, 0, 0, 0, 0, 0, 0, 0, 0, 0, 0, 0, 0, 0, 0, 0, 0, 0, 0, 0, 0, 0, 0, 0, 0, 0, 0, 0, 0, 0, 0, 0, 0, 0
0, 0, 0, 0, 0, 0, 0, 0, 0, 0, 0, 0, 0, 0, 0, 0, 0, 0, 0, 0, 0, 0, 0, 0, 0.010450142872287, 0, 0, 0, 0, 0, 0, 0, 0, 0, 0, 0, 0, 0, 0, 0, 0, 0, 0, 0, 0, 0, 0, 0, 0, 0, 0, 0, 0, 0, 0, 0, 0, 0, 0, 0, 0, 0, 0, 0, 0, 0, 0, 0, 0, 0, 0, 0, 0, 0, 0, 0, 0, 0, 0, 0, 0, 0, 0, 0, 0, 0, 0, 0, 0, 0, 0, 0, 0, 0, 0, 0, 0, 0, 0, 0, 0, 0, 0, 0, 0
0, 0, 0, 0, 0, 0, 0, 0, 0, 0, 0, 0, 0, 0, 0, 0, 0, 0, 0, 0, 0, 0, 0, 0, 0, 0, 0, 0, 0, 0, 0, 0, 0, 0, 0, 0, 0, 0, 0, 0, 0, 0, 0, 0, 0, 0, 0, 0, 0, 0, 0, 0, 0, 0, 0, 0, 0, 0, 0, 0, 0, 0, 0, 0, 0, 0, 0, 0, 0, 0, 0, 0, 0, 0, 0, 0, 0, 0, 0, 0, 0, 0, 0, 0, 0, 0, 0, 0, 0, 0, 0, 0, 0, 0, 0, 0, 0, 0, 0, 0, 0, 0, 0, 0, 0
0, 0, 0, 0, 0.167901284294203, 0, 0, 0, 0, 0, 0.278174283448607, 0, 0, 0, 0, 0, 0, 0, 0, 0, 0, 0, 0, 0, 0, 0, 0, 0, 0, 0, 0, 0, 0, 1.10763404518366, 0, 0, 0, 0, 0, 0, 0, 0, 0, 0, 0, 0, 0, 0.0211741542443633, 0, 0, 0, 0, 0, 0, 0, 0, 0, 0, 0, 0, 0, 0, 0, 0, 0, 0, 0, 0, 0, 0, 0, 0, 0, 0.0759984512114897, 0, 0, 0, 0, 0, 0, 0, 0, 0, 0, 0, 0, 0, 0, 0, 0, 0, 0, 0, 0, 0, 0, 0, 0, 0, 0, 0, 0, 0, 0, 0
0, 0, 0, 0, 0, 0, 0, 0, 0, 0, 0, 0, 0, 0, 0, 0, 0, 0, 0, 0, 0, 0, 0.127921820967458, 0, 0, 0, 0, 0, 0, 0, 0, 0, 0, 0, 0, 0, 0, 0, 0, 0.00238424847793794, 0, 0, 0, 0, 0, 0, 0, 0, 0, 0, 0, 0, 0, 0, 0, 0, 0, 0, 0, 0.693291402421892, 0, 0, 0, 0, 0, 0.00147312039189273, 0, 0.673802313394845, 0, 0, 0, 0, 0, 0, 0, 0, 0, 0, 0, 0, 0.360894540790468, 0, 0, 0, 0, 0, 0, 0, 0, 0, 0, 0, 0, 0, 0, 0, 0, 0, 0, 0, 0, 0, 0, 0, 0
0, 0, 0, 0, 0, 0, 0, 0, 0, 0, 0, 0, 0, 0, 0, 0, 0, 0, 0, 0, 0, 0, 0, 0, 0, 0, 0, 0, 0, 0, 0, 0, 0, 0, 0, 0, 0, 0, 0, 0, 0, 0, 0, 0, 0, 0, 0, 0, 0, 0, 0, 0, 0, 0, 0, 0, 0, 0, 0, 0, 0, 0, 0, 0, 0, 0, 0, 0, 0, 0, 0, 0, 0, 0, 0, 0, 0, 0, 0, 0, 0, 0, 0, 0, 0, 0, 0, 0, 0, 0, 0, 0, 0, 0, 0, 0, 0, 0, 0, 0, 0, 0, 0, 0, 0
0, 0, 0, 0, 0, 0, 0, 0.0477937224786729, 0.000693749075253436, 0, 0, 0, 0, 0, 0, 0, 0, 0, 0, 0, 0, 0, 0, 0, 0.0811828358564526, 0, 0, 0, 0, 0, 0, 0, 0, 0, 0.00110708297142992, 0, 0, 0, 0, 0, 0, 0, 0, 0, 0, 0, 0, 0, 0, 0, 0, 0, 0, 0, 0, 7.23947312764039e-05, 0, 0, 0, 0.0149317409523064, 0, 0, 0, 0, 0, 0, 0, 0, 0, 0, 0, 0, 0, 0, 0, 0, 0, 0, 0, 0, 0, 0, 0, 0, 0, 0, 0, 0, 0, 0, 0, 0.100468588061631, 0, 0, 0.0449394632596523, 0, 0, 0, 0, 0, 0, 0, 0, 0, 0
0, 0.501005747355521, 0.217223609797657, 2.98630226325258e-05, 0.195914995856583, 0, 0, 0.00212841878237668, 0.65267284935544, 1.08592807634977e-05, 0, 0, 0, 0, 0.000116400025262919, 0.00652010017141436, 0, 0, 0, 0, 0, 0, 0, 0, 0.241094804368913, 0.000173748492215964, 0, 0, 0, 0, 0, 0, 0, 2.48414494308236e-05, 0, 2.24992845687666e-05, 0, 0.0135768161271699, 0, 0, 0, 0, 0, 0, 0, 0, 0, 1.08592807634977e-05, 0.0543045462109149, 0, 0, 0, 0, 0.135765434242785, 0.00609714725214872, 0, 0, 0, 0.0448712016805075, 0, 0, 0, 0, 0.0271536322543398, 0, 0, 0, 0, 0, 0, 0.034822997986339, 0, 0, 0, 0, 0, 0, 0, 0, 0, 0.189883838174865, 0, 0, 0, 0, 0, 0, 0, 0, 0, 0, 0, 0, 0, 0, 0, 0, 0, 0, 0, 0, 0, 0, 0, 0
0, 0, 0, 0, 0, 0, 0, 0, 0, 0, 0, 0, 0, 0, 0, 0, 0, 0, 0, 0, 0, 0, 0, 0, 1.01603788493776e-05, 0, 0, 0, 0, 0, 0.000443669841843075, 0, 0, 0, 0, 0, 0, 0, 0, 0, 0, 0, 0, 0, 0, 0, 0, 0, 0, 0, 0, 0, 0, 0, 0, 0, 0, 0, 0, 0, 0, 0, 0, 0, 0, 0, 0, 0, 0, 0, 0, 0, 0, 0, 0, 0, 0, 0, 0, 0, 0.0818520085886121, 0, 0, 0, 0, 0, 0, 0, 0, 0, 0, 0, 0, 0, 0, 0, 0, 0, 0, 0, 0, 0.0182514268090017, 0.0108004816866014, 0.00231317953875987, 0
0.271056056953967, 0, 0.467365205986425, 0, 0, 0, 0.474468455649912, 0.82553627435118, 0.931716995546594, 0, 0, 0.141725753201172, 0, 0, 0, 0, 0, 0, 0, 0, 0, 0, 0, 0, 0, 0.0365670624887571, 0, 0, 0, 0, 0, 0, 0, 0, 0, 0, 0, 0, 0, 0, 0, 0, 0, 0, 0, 0, 0, 0, 0, 0, 0, 0.428440235555172, 0, 0, 0, 0, 0, 0, 0, 0, 0, 0, 0, 1.13619156181812, 0, 0, 0, 0, 0, 0, 0, 0, 0, 0, 0, 0, 0, 0, 0, 0, 0, 0, 0, 0, 0, 0, 0, 0, 0, 0, 0, 0, 0, 0.0482291856314987, 0, 0, 0, 0, 0, 0, 0, 0, 0, 0, 0
0, 0, 1.52480956166983, 0, 1.27066615968943, 0, 0, 0, 2.03274060040712, 0.762379355728626, 0, 0, 0, 0, 0, 0, 0, 0, 0, 0, 0, 0, 0, 0, 0, 0, 0, 0, 0, 0, 0, 0, 0, 0, 0, 0, 0, 0, 0, 0, 0, 0, 0, 0, 0, 0, 0, 0, 2.03304551541805, 0, 0, 0, 0, 0, 0, 0, 0, 0, 0, 0, 0, 0, 0, 0, 0, 0, 0, 0, 0, 0, 0, 0, 0, 0, 0, 0, 0, 0, 0, 0, 0, 0, 0, 0, 0, 0, 0, 0, 0, 0, 0, 0, 0, 0, 0, 0, 0, 0, 0, 0, 0, 0, 0, 0, 0
0, 0, 0, 0, 0, 0, 0, 0, 0, 0, 0, 0, 0, 0, 0, 0, 0, 0, 0, 0, 0, 0, 0, 0, 0, 0, 0, 0, 0, 0, 0, 0, 0, 0, 0, 0, 0, 0, 0, 0, 0, 0, 0, 0, 0, 0, 0, 0, 0, 0, 0, 0, 0, 0, 0, 0, 0, 0, 0, 0, 0, 0, 0, 0, 0, 0, 0, 0, 0, 0, 0, 0, 0, 0, 0, 0, 0, 0, 0, 0, 0, 0, 0, 0, 0, 0, 0, 0, 0, 0, 0, 0, 0, 0, 0, 0, 0, 0, 0, 0, 0, 0, 0, 0, 0
0, 0, 0, 0, 0, 0, 0, 0, 0, 0, 0, 0, 0, 0, 0, 0, 0, 0, 0, 0, 0, 0, 0, 0, 0.420542305801064, 0, 0, 0, 0, 0, 0, 0.81560742110014, 0, 0, 0, 0, 0, 0, 0, 0, 0, 0, 0, 0, 0, 0, 0, 0, 0, 0, 0, 0, 0, 0, 0, 0, 0, 0, 0, 0, 0, 0, 0, 0, 0, 0, 0, 0, 0, 0, 0, 0, 0, 0, 0, 0, 0, 0, 0, 0, 0.830543634947389, 0, 0, 0, 0, 0, 0, 0, 0, 0, 0, 0, 0, 0, 0, 0, 0, 0, 0, 0, 0, 0, 0, 0, 0
0, 0, 0, 0, 0, 0, 0, 0, 0, 0, 0, 0, 0, 0, 0, 0, 0, 0, 0, 0, 0, 0, 0, 0, 0, 0, 0, 0, 0, 0, 0, 0, 0, 0, 0, 0, 0, 0, 0, 0, 0, 0, 0, 0, 0, 0, 0, 0, 0, 0, 0, 0, 0, 0, 0, 0, 0, 0, 0, 0, 0, 0, 0, 0, 0, 0, 0, 0, 0, 0, 0, 0, 0, 0, 0, 0, 0, 0, 0, 0, 0, 0, 0, 0, 0, 0, 0, 0, 0, 0, 0, 0, 0, 0, 0, 0, 0, 0, 0, 0, 0, 0, 0, 0, 0
0.000225817211685353, 0, 9.67788196248875e-05, 8.8992010205402e-05, 0, 0, 0.00153733708430082, 0.00424380668846425, 0, 0, 0, 7.78680089297268e-05, 0.000338169661517895, 0, 0, 0.000884358087205328, 7.0081210878925e-05, 0, 0.000204681623472425, 0, 0.000282549649455177, 0.000152398831687606, 5.78448066335113e-05, 0.00048834367589734, 0.000909943355509313, 0.00081761409091996, 6.00696068886464e-05, 4.4496005102701e-06, 0, 1.44612016583778e-05, 4.00464045924309e-05, 0, 0, 0.00241835787164746, 0, 0.00254294682235923, 0, 0, 0.00015351122328866, 8.8992010205402e-06, 2.00232022962155e-05, 0, 0, 0.000119026810807554, 0, 0, 0, 0.0010990514056175, 0.000252514837484341, 0, 0, 0.000135732238959463, 2.22480025513505e-06, 0, 6.67440076540515e-06, 4.4496005102701e-06, 6.11820098583848e-05, 0, 8.74200850375928e-05, 0.000457196438219398, 0.000113464807327546, 0.000113464807327546, 4.4496005102701e-06, 0, 4.56084052302685e-05, 0, 0, 2.22480025513505e-06, 4.11588047199984e-05, 1.44612030794633e-05, 0, 2.22480025513505e-06, 0, 0.00107569094325299, 2.89224033167557e-05, 2.33604012578326e-05, 0.000505029674968682, 0, 1.22364014032428e-05, 9.45540136854106e-05, 0, 0.000242652848214675, 0, 0, 0, 0, 0, 0, 9.34416050313303e-05, 0, 2.44728028064856e-05, 0, 0.000160185618369724, 0, 0, 0, 0, 0, 1.89108021686479e-05, 0, 0, 0, 0, 0, 0
3.13279330730438, 2.72712400183082, 2.81548788771033, 0, 0.819747615605593, 0, 0, 0, 0.0249031087150797, 0, 0, 0, 0, 0, 0, 0, 0, 0, 0.676088267937303, 0, 0, 0, 0, 0, 0.013681837299373, 0, 0, 0, 0, 0, 0.270392070524395, 2.72712400183082, 0, 1.37494746595621, 0, 0, 0, 0, 0, 0, 0, 0, 0, 0, 0, 0, 0, 0.00575935082451906, 1.35217653587461, 0, 0, 0, 1.37494746595621, 0, 0, 0.270446133799851, 0, 0, 0, 0, 0, 0, 0, 2.3242399096489, 0, 0, 0, 0, 0, 0, 0, 0, 0, 0.449405144900084, 0, 0, 0, 0, 0, 0, 0, 0, 0, 0, 0, 0, 0, 0, 0, 0, 0, 0, 0, 0, 0, 0, 0, 0, 0, 0, 0, 0, 0, 0, 0
0.138217897620052, 2.59220637381077, 3.42350918799639, 0, 0, 0, 1.39919053763151, 0.137233431451023, 1.39920907095075, 0.1865568687208, 0, 0, 0, 0, 0, 0.466396799311042, 0, 0, 0.275853904895484, 0, 0, 0, 0, 0, 0.471370201557875, 0, 0, 0, 0, 0, 0, 0, 0, 1.85188669711351, 0, 0, 0, 0.0459373753983527, 0, 0, 0, 0, 0, 0, 0, 0, 0, 0, 0.279019499430433, 0, 0, 1.85150429606438, 0.742021226324141, 0.652953702956438, 0, 0, 0, 0, 0, 0, 0, 0, 0, 3.10093555599451, 0, 0, 0, 0, 0, 0, 0, 0, 0, 0, 0, 0, 0, 0, 0, 0, 0, 0, 0, 0, 0, 0, 0, 0, 0, 0, 0, 0, 0, 0, 0, 0, 0, 0, 0, 0, 0, 0, 0, 0, 0
0, 0, 0, 0, 0, 0, 0, 0, 0, 0, 0, 0, 0, 0, 0, 0, 0, 0, 0, 0, 0, 0, 0, 0, 0, 0, 0, 0, 0, 0, 0, 0, 0, 0, 0, 0, 0, 0, 0, 0, 0, 0, 0, 0, 0, 0, 0, 0, 0, 0, 0, 0, 0, 0, 0, 0, 0, 0, 0, 0, 0, 0, 0, 0, 0, 0, 0, 0, 0, 0, 0, 0, 0, 0, 0, 0, 0, 0, 0, 0, 0, 0, 0, 0, 0, 0, 0, 0, 0, 0, 0, 0, 0, 0, 0, 0, 0, 0, 0, 0, 0, 0, 0, 0, 0
0, 0, 0, 0, 0, 0, 0, 0, 0, 0, 0, 0, 0, 0, 0, 0, 0, 0, 0, 0, 0, 0, 0, 0, 0, 0, 0, 0, 0, 0, 0, 0.970312673598528, 0, 0, 0, 0, 0, 0, 0, 0, 0, 0, 0, 0, 0, 0, 0, 0, 0, 0, 0, 0, 0, 0, 0, 0.415927497670054, 0, 0.594988837838173, 0, 0, 0, 0, 0, 0, 0, 0, 0, 0, 0, 0, 0, 0, 0, 0, 0, 0, 0, 0, 0, 0, 0, 0, 0, 0, 0, 0, 0, 0, 0, 0, 0, 0, 0, 0, 0, 0, 0, 0, 0, 0, 0, 0, 0, 0, 0
0, 0, 0, 0, 0.00806802199804224, 0, 0, 0, 0, 0, 0, 0, 0, 0, 0, 0, 0, 0, 0, 0, 0, 0, 0, 0, 0, 0, 0, 0, 0, 0, 0, 0, 0, 0, 0, 0, 0, 0, 0, 0, 0, 0, 0, 0, 0, 0, 0, 0, 0, 0, 0, 0, 0, 0, 0, 0, 0, 0, 0, 0, 0, 0, 0, 0, 0, 0, 0, 0.0848007097374648, 0, 0, 0, 0, 0, 0, 0, 0, 0, 0, 0, 0, 0, 0, 0, 0, 0, 0, 0, 0, 0, 0, 0, 0, 0, 0, 0, 0, 0, 0, 0, 0, 0, 0, 0, 0, 0
0, 0, 0, 0, 0, 0, 0, 0, 0, 0, 0, 0, 0, 0, 0, 0, 0, 0, 0, 0, 0, 0, 0, 0, 0, 0, 0, 0, 0, 0, 0, 0, 0, 0, 0, 0, 0, 0, 0, 0, 0, 0, 0, 0, 0, 0, 0, 0, 0, 0, 0, 0, 0, 0, 0, 0, 0, 0, 0, 0, 0, 0, 0, 0, 0, 0, 0, 0, 0, 0, 0, 0, 0, 0, 0, 0, 0, 0, 0, 0, 0, 0, 0, 0, 0, 0, 0, 0, 0, 0, 0, 0, 0, 0, 0, 0, 0, 0, 0, 0, 0, 0, 0, 0, 0
0, 0, 0, 0.00581018648517784, 0, 0, 0, 0, 0, 0, 0, 0, 0, 0, 0, 0, 0, 0, 0, 0, 0, 0, 0, 0, 0, 0, 0, 0, 0, 0, 0, 0, 0, 0, 0, 0, 0, 0, 0, 0, 0, 0, 0, 0, 0, 0, 0, 0, 0, 0, 0, 0, 0, 0, 0, 0, 0, 0, 0, 0, 0, 0, 0, 0, 0, 0, 0, 0, 0, 0, 0, 0, 0, 0, 0, 0, 0, 0, 0, 0, 0, 0, 0, 0, 0, 0, 0, 0, 0, 0, 0, 1.91590571776032, 0, 0, 0, 0, 0, 0, 0, 0, 0, 0, 0, 0, 0
0, 0, 0, 0, 0, 0, 0, 0, 0, 0, 0, 0, 0, 0, 0, 0, 0, 0, 0, 0, 0, 0, 0, 0, 0, 0, 0, 0, 0, 0, 0, 0, 0, 0, 0, 0, 0, 0, 0, 0, 0, 0, 0, 0, 0, 0, 0, 0, 0.00023962811610545, 0, 0, 0, 0, 0, 0, 0, 0, 0, 0, 0, 0, 0, 0, 0, 0, 0, 0, 0, 0, 0, 0, 0, 0, 0, 0, 0, 0, 0, 0, 0, 0, 0, 0, 0, 0, 0, 0, 0, 0, 0, 0, 0, 0, 0, 0, 0, 0, 0, 0, 0, 0, 0, 0, 0, 0
0, 1.67878428474069, 0.314695434644818, 0, 0.0942702288739383, 0, 0, 0, 0, 0, 0, 0, 0, 0, 0, 0, 0, 0, 0.126364617608488, 0, 0, 0, 0, 0, 0, 0, 0, 0, 0, 0, 0, 0, 0, 0, 0, 0, 0, 0, 0, 0, 0, 0, 0, 0, 0, 0, 0, 0, 0, 0, 0, 0, 0, 1.11192045733333, 0, 0, 0, 0.332379015162587, 0, 0, 0, 0, 0, 0, 0, 0, 0, 0, 0, 0, 0, 0, 0, 0, 0, 0, 0, 0, 0, 0, 0, 0, 0, 0, 0, 0, 0, 0, 0, 0, 5.22158332169056, 0, 0.815163645893335, 0, 0, 0, 0, 0, 0, 0, 0, 0, 0, 0, 0
0.0154301204020157, 0, 0, 0, 0.232037529349327, 0, 0, 0.0667839223751798, 0, 0, 0, 0, 0, 0, 0, 0, 0, 0, 0, 0, 0, 0, 0, 0, 0, 0.0231996920774691, 0, 0, 0, 0, 0, 0.0116015864477959, 0, 0.00415492622778402, 0, 0, 0, 0, 0, 0, 0, 0.00151214539982902, 0, 0, 0, 0, 0, 0, 0, 0, 0, 0, 0, 0, 0, 0, 0, 0, 0, 0.257520063314587, 0, 0, 0, 0, 0, 0, 0, 0, 0, 0, 0, 0, 0, 0, 0, 0, 0, 0, 0, 0, 0, 0, 0, 0, 0, 0, 0, 0, 0, 0, 0, 0.0883667904417962, 0, 0.493697868660092, 0, 0, 0, 0, 0, 0, 0, 0, 0, 0, 0
0, 0, 0, 0, 0, 0, 0, 0.833380222320557, 0, 0, 0, 0.712122116237879, 0, 0, 0, 0, 0, 0, 0, 0, 0, 0, 0, 0, 0, 0, 0, 0, 0, 0, 0, 0, 0, 0, 0, 0, 0, 0, 0, 0, 0, 0, 0, 0, 0, 0, 0, 0, 0.0172504194779322, 0.0970214838162065, 0, 0, 0, 0, 0, 0, 0, 0, 0, 0, 0, 0, 0, 0, 0, 0, 0, 0, 0, 0, 0, 0, 0, 0, 0, 0, 0, 0, 0, 0, 0, 0, 0, 0, 0, 0, 0, 0, 0, 0, 0, 1.30596884991974, 0.824682600796223, 0, 0, 0, 0, 0, 0, 0, 0, 0, 0, 0, 0
0, 0, 0.221364153549075, 0.148706010077149, 0, 0, 0.37060808390379, 0.221069389954209, 0, 0, 0, 0, 0, 0, 0, 0, 0, 0, 0.565132856263517, 0, 0, 0, 0, 0, 0, 0, 0, 0, 0, 0, 0, 0.862372783012688, 0, 0, 0, 0.57022450491786, 0, 0, 0, 0, 0, 0, 0, 0, 0, 0, 0, 0, 0, 0, 0, 0, 0.442713545635343, 0, 0, 0, 0, 0, 0, 0, 0, 0, 0, 0, 0.0730265863239765, 0, 0, 0, 0, 0, 0, 0, 0, 0, 0, 0, 0, 0, 0, 0, 0.982413301244378, 0, 0, 0, 0, 0, 0, 0, 0, 0, 0, 0, 0.711283413693309, 0, 0, 0, 0, 0, 0, 0, 0, 0, 0, 0, 0
0, 0, 0, 0, 0, 0, 0, 0, 0, 0, 0, 0, 0, 0, 0, 0, 0, 0, 0, 0, 0, 0, 0, 0, 0, 0, 0, 0, 0, 0, 0, 0, 0, 0, 0, 0, 0, 0, 0, 0, 0, 0, 0, 0, 0, 0, 0, 0, 0, 0, 0, 0, 0, 0, 0, 0, 0, 0, 0, 0, 0, 0, 0, 0, 0, 0, 0, 0, 0, 0, 0, 0, 0, 0, 0, 0, 0, 0, 0, 0, 0, 0, 0, 0, 0, 0, 0, 0, 0, 0, 0, 0, 0, 0, 0, 0, 0, 0, 0, 0, 0, 0, 0, 0, 0
0, 0, 0, 0, 0, 0, 0, 0.00682623067405075, 0, 0, 0, 0, 0, 0, 0, 0, 0, 0, 0, 0, 0, 0, 0, 0, 0, 0, 0, 0, 0, 0, 0, 0, 0, 0, 0, 0.0719214789569378, 0, 0, 0, 0, 0, 0, 0, 0, 0, 0, 0.102877168683335, 0, 0, 0, 0, 0, 0.0229839191888459, 0, 0, 0, 0, 0.0719214789569378, 0.0719071016646922, 0, 0, 0, 0, 0, 0.0701260229106992, 0, 0, 0.0454129054560326, 0, 0, 0, 0, 0, 0, 0, 0, 0, 0, 0, 0, 0, 0, 0, 0, 0, 0, 0, 0, 0, 0, 0, 0, 0, 0, 0, 0, 0, 0, 0, 0, 0, 0, 0, 0, 0
0, 0, 0, 0, 0, 0, 0, 0, 1.15765389055014, 0, 0, 0, 0, 0, 0, 0, 0, 0, 0, 0, 0, 0, 0, 0, 0, 0, 0, 0, 0, 0, 0, 0, 0, 0, 0, 0, 0, 0, 0, 0, 0, 0, 0, 0, 0, 0, 0, 0, 0, 0, 0, 0, 0, 0, 0, 0, 0, 0, 0, 0, 0, 0, 0, 0, 0, 0, 0, 0, 0, 0, 0, 0, 0, 0, 0, 0, 0, 0, 0, 0, 0, 0, 0, 0, 0, 0, 0, 0, 0.259224302135408, 0, 0, 0, 0, 0, 0, 0, 0, 0, 0, 0, 0, 0, 0, 0, 0
0.0805635179858655, 0, 0, 0, 0, 0, 0, 0, 0, 0, 0, 0, 0, 0, 0, 0, 0, 0, 0, 0, 0, 0, 3.45854023471475, 0, 0, 0, 2.06169746816158, 0, 0, 0, 0, 0, 0, 0, 0, 0, 0, 0, 0, 0, 0, 0, 0.0257795109064318, 0, 0, 0, 0, 0, 0, 0, 0, 0, 0, 0, 0, 0, 0, 0, 0.0190853605090524, 0, 0.153147208038718, 0.438785925507545, 0, 0, 0, 0, 0, 0, 0, 0, 0, 0.161251972895116, 0.237833498977125, 0, 0, 0, 0, 0, 0, 0, 0, 0, 0, 0, 0, 0, 0, 0, 0, 0, 0.00901311414054362, 0, 0, 0, 0.0333167685312219, 0, 0, 0, 0, 0, 0, 0, 0, 0, 0
0, 0, 0, 0, 0, 0, 0, 0, 0, 0, 0, 0, 0, 0, 0, 0, 0, 0, 0, 0, 0, 0, 0, 0, 0, 0, 0, 0, 0, 0, 0, 0, 0, 0, 0, 0, 0, 0, 0, 0, 0, 0, 0, 0, 0, 0, 0, 0, 0, 0, 0, 0, 0, 0, 0, 0, 0, 0, 0, 0, 0, 0, 0, 0, 0, 0, 0, 0, 0, 0, 0, 0, 0, 0, 0, 0, 0, 0, 0, 0, 0, 0, 0, 0, 0, 0, 0, 0, 0, 0, 0, 0, 0, 0, 0, 0, 0, 0, 0, 0, 0, 0, 0, 0, 0
0, 0, 0, 0, 0, 0, 0, 0, 0, 0, 0, 0, 0, 0, 0, 0, 0, 0, 0, 0, 0, 0, 0, 0, 0, 0, 0, 0, 0, 0, 0, 0, 0, 0, 0, 0, 0, 0, 0, 0, 0, 0, 0, 0, 0, 0, 0, 0, 0, 0, 0, 0, 0, 0, 0, 0, 0, 0, 0, 0, 0, 0, 0, 0, 0, 0, 0, 0, 0, 0, 0, 0, 0, 0, 0, 0, 0, 0, 0, 0, 0, 0, 0, 0, 0, 0, 0, 0, 0, 0, 0, 0, 0, 0, 0, 0, 0, 0, 0, 0, 0, 0, 0, 0, 0
2.70536793395877, 0, 1.12115340307355, 0, 3.6822240190304e-05, 0, 0, 0.36437128437683, 1.30388895049691, 0, 0, 0, 0.000436726350017125, 0, 0, 0, 0, 0, 0, 0, 0, 0, 0, 0, 0, 0.00402423609671132, 0, 0, 0, 0, 0, 0, 0, 1.30366089479139e-05, 0, 0, 0, 0, 0, 0, 0, 0, 0, 0, 0, 0, 0, 0, 0, 0, 0.210215826518834, 0, 0, 0.224367994815111, 0, 0.000192180732483394, 0, 0.897190649993718, 0.140169565565884, 0, 0, 0, 0, 0.280290096998215, 0, 0, 0, 0.143995857797563, 0, 0, 0, 0, 0, 0, 0, 0, 0.00411107009767875, 0.501152547076344, 0, 0.000803980719865649, 0, 0, 1.20943398214877, 0, 0, 0, 0, 0, 0, 0, 0, 0, 0, 0, 0, 0, 0, 0, 0, 0, 0, 0, 0, 0, 0
0, 0, 0, 0, 0, 0, 0, 0, 0, 0, 0, 0, 0, 0, 0, 0, 0, 0, 0, 0, 0, 0, 0, 0, 0, 0, 0, 0, 0, 0, 0, 0, 0, 0, 0, 0, 0, 0, 0, 0, 0, 0, 0, 0, 0, 0, 0, 0, 0, 0, 0, 0, 0, 0, 0, 0, 0, 0, 0, 0, 0, 0, 0, 0, 0, 0, 0, 0, 0, 0, 0, 0, 0, 0, 0, 0, 0, 0, 0, 0, 0, 0, 0, 0, 0, 0, 0, 0, 0, 0, 0, 0, 0, 0, 0, 0, 0, 0, 0, 0, 0, 0, 0, 0, 0
0, 0, 0, 0, 0, 0, 0, 0, 0, 0, 0, 0, 0, 0, 0, 0, 0, 0, 0, 0, 0, 0, 0, 0, 0, 0, 0, 0, 0, 0, 0, 0, 0, 0, 0, 1.43442030530423, 0, 0, 0, 0, 0, 0, 0, 0, 0, 0, 0, 0, 0, 0, 0, 0, 0, 0, 0, 0, 0, 0, 0, 0, 0, 0, 0, 0, 0, 0, 0, 0.160620384849608, 0, 0, 0, 0, 0, 0, 0, 0, 0, 0, 0, 0, 0, 0, 0, 0, 0, 0, 0, 0, 0, 0, 0.550319178728387, 0, 0, 0, 0, 0, 0, 0.305733014829457, 0, 0, 0, 0, 0, 0, 0
3.32124326378107, 2.89014025156575e-05, 1.14396604562899, 9.12816176423803e-05, 3.48626535640051e-05, 0, 0.000152901910155379, 4.58134884695482e-05, 0, 0, 7.33310514533514e-05, 0, 0, 0, 0, 5.77359955400425e-05, 0, 0, 0.469215500768883, 0, 0, 0, 0, 0, 1.09465678046945, 2.65458886872239e-05, 0, 0, 0, 0, 0, 0.316614254302294, 0, 4.42178958337536e-05, 2.75843646591056e-05, 0, 0, 0, 0, 0, 0, 0, 0, 0, 0, 0, 2.75843646591056e-05, 0, 1.12450402230024, 0, 2.52288536728429e-05, 6.21684620227825e-05, 0, 0.54229631873568, 0, 0, 0, 4.110246578648e-05, 0, 0, 7.33310514533514e-05, 0, 0, 0, 9.12816176423803e-05, 3.11901075633614e-05, 4.44964562973382e-05, 0, 0, 0, 0, 0, 0, 0, 0, 1.79505647679434e-05, 0, 0, 0, 0, 0, 0, 0, 0, 0, 0, 0, 0, 0, 0, 0, 4.2617536149919, 0, 8.41448046267033, 0, 0, 0, 0, 0, 0, 0, 0, 0, 0, 0
0, 0, 0, 0, 0, 0, 0, 0, 0, 0, 0, 0, 0, 0, 0, 0, 0, 0, 0, 0, 0, 0, 0, 0, 0, 0, 0, 0, 0, 0, 0, 0, 0, 0, 0, 0, 0, 0, 0, 0, 0, 0, 0, 0, 0, 0, 0, 0, 0, 0, 0, 0, 0, 0, 0, 0, 0, 0, 0, 0, 0, 0, 0, 0, 0, 0, 0, 0, 0, 0, 0, 0, 0, 0, 0, 0, 0, 0, 0, 0, 0, 0, 0, 0, 0, 0, 0, 0, 0, 0, 0, 0, 0, 0, 0, 0, 0, 0, 0, 0, 0, 0, 0, 0, 0
0, 0, 0.309996353462338, 0, 0, 0, 0, 0.0565722992178053, 0.42421966791153, 0, 0, 0, 0, 0, 0, 0, 0, 0, 0, 0, 0, 9.10789296030998, 0, 0, 0.695095676928759, 0, 0, 0, 0, 0, 0, 0, 0, 2.16197613626719, 0, 0, 0, 0, 0, 0, 0, 0, 0, 0, 0, 0, 0.0139120864332654, 0.000126052333371263, 0, 0, 0, 0, 0, 0, 0, 0, 0, 0.427019037306309, 0, 0, 0, 0, 0, 0.141411263030022, 0.31519386684522, 0, 0, 0, 0, 0, 0, 0, 0.695095676928759, 0, 0, 0, 0, 0.521347811445594, 0, 0, 0, 0, 0, 0, 0, 1.8000740557909, 0, 0, 0, 0, 0, 0, 0, 0, 0, 0, 0, 0, 0, 0, 0, 0, 0, 0, 0
0.0183396448846906, 0, 0, 0, 0, 0, 0, 0, 0, 0, 0, 0, 0, 0, 0, 0, 4.47365306317806, 0, 0, 0, 0, 0, 0, 0, 0, 0, 0, 0, 0, 0, 0, 0, 0, 0, 0, 0, 0, 0, 0, 0, 0, 0, 0, 0, 0, 0, 0, 0, 0, 0, 0, 0, 0, 0, 0, 0, 0, 0, 0, 0, 0, 0, 0, 0, 0, 0, 0, 0, 0, 0, 0, 0, 0, 0, 0, 0, 0, 0, 0, 0, 0, 0, 0, 0, 0, 0, 0, 0, 0, 0, 0, 0, 0, 0, 0, 0, 0, 0, 0, 0, 0, 0, 0, 0, 0
0, 0, 0, 0, 0, 0, 0, 0, 0, 0, 0, 0, 0, 0, 0, 0, 0, 0, 0, 0, 0, 0, 0, 0, 0, 0, 0, 0, 0, 0, 0, 0, 0, 0, 0, 0.0109107160824351, 0, 0, 0, 0, 0, 0, 0, 0, 0, 0, 0, 0, 0, 0, 0, 0, 1.31506994366646, 0, 0, 0.526080559939146, 0, 0, 0, 0, 0.00591544849157799, 0, 0, 0, 0.00933326300582848, 0, 0, 0, 0, 0, 0, 0, 0, 0, 0, 0, 0, 0, 0, 0, 0, 0, 0, 0, 0, 0, 0, 0, 0, 0, 0, 0, 0, 0, 0, 0, 0, 0, 0, 0, 0, 0, 0, 0, 0
0, 0, 0, 0, 0, 0, 0, 0, 0, 0, 0, 0, 0, 0, 0, 0, 0, 0, 0, 0, 0, 0, 0, 0, 0, 0, 0, 0, 0, 0, 0, 0, 0, 0, 0, 0, 0, 0, 0, 0, 0, 0, 0, 0, 0, 0, 0, 0, 0, 0, 0, 0, 0, 0, 0, 0, 0, 0, 0, 0, 0, 0, 0, 0, 0, 0, 0, 0, 0, 0, 0, 0, 0, 0, 0, 0, 0, 0, 0, 0, 0, 0, 0, 0, 0, 0, 0, 0, 0, 0, 0, 0, 0, 0, 0, 0, 0, 0, 0, 0, 0, 0, 0, 0, 0
0, 0, 0, 0, 0, 0, 0, 0, 0, 0, 0, 0, 0, 0, 0, 0, 0, 0, 0, 0, 0, 0, 0, 0, 0.00552755991520826, 0.168391023180448, 0, 0, 0, 0, 0, 0, 0, 0, 0, 0, 0, 0, 0, 0, 0, 0, 0, 0, 0, 0, 0, 0, 0, 0, 0, 0, 0, 0, 0, 0, 0, 0, 0, 0, 0, 0, 0, 0.999123137444258, 0, 0.194093049503863, 0, 0, 0, 0, 0, 0, 0, 0, 0, 0, 0, 0, 0, 0, 0, 0, 0, 0, 0, 0, 0, 0, 0, 0, 0, 0, 0, 0, 0, 0, 0, 0, 0, 0, 0, 0, 0, 0, 0
0, 0, 0, 0, 0, 0, 0, 0, 0, 0, 0, 0, 0, 0, 0, 0, 0, 0, 0, 0, 0, 0, 0, 0, 0.0943713472224772, 0, 0, 0.160424213390797, 0, 2.47567277401686, 0, 0, 0, 0, 0, 0, 0, 0, 0, 0, 0, 0, 0, 0, 0, 0, 0, 0, 0, 0, 0, 0, 0, 0, 0, 0, 0, 0, 0, 0, 0, 0, 0, 0, 0, 0, 0, 0.101335310318973, 0, 0, 0, 0, 0, 0, 0, 0, 0, 0, 0, 0, 0, 0, 0, 0, 0, 0, 0, 0, 0, 0, 0, 0, 0, 0, 0, 0, 0, 0, 0, 0, 0, 0, 0, 0, 0
0, 0, 0, 0, 0, 0, 0, 0, 0, 0, 0, 0, 0, 0, 0, 0, 0, 0, 0, 0, 0, 0, 0, 0, 0, 0, 0, 0, 0, 0, 0, 0, 0, 0, 0, 0, 0, 0, 0, 0, 0, 0, 0, 0, 0, 0, 0, 0, 0, 0, 0, 0, 0, 0, 0, 0, 0, 3.40809551998973, 0, 0, 0, 0, 0, 0, 0, 0, 0, 0, 0, 0, 0, 0, 0, 0, 0, 0, 0, 0, 0, 0, 0, 0, 0, 0, 0, 0, 1.79605502635241, 0, 0, 0, 0, 0, 0, 0, 0, 0, 0, 0, 0, 0, 0, 0, 0, 0, 0
0, 2.42439843714237, 2.02031843364239, 0, 0, 0, 0, 0, 0, 0, 0, 4.84879687428474, 0, 0, 0, 0, 0, 0, 0, 0, 0, 0, 0, 0.598580366931856, 4.44544404745102, 0.00161599618877517, 0, 0, 0, 0, 0, 0, 0, 0, 0, 0, 0, 0, 0, 0, 0, 0, 0, 0, 0, 0, 0, 0, 4.84879687428474, 0, 0, 0, 0, 1.61631945520639, 0, 0, 0, 5.06256967782974, 0, 8.37689712643623, 0, 0, 0, 3.23255807161331, 1.61631945520639, 0, 0, 0, 0, 0, 0, 10.1251393556595, 0, 0, 0, 0, 0, 0, 0, 0, 0, 0, 0, 5.06256967782974, 0, 0, 0, 0, 0, 0, 0, 0, 0, 0, 0, 0, 0, 0, 0, 0, 0, 0, 0, 0, 0
0, 0, 0, 0, 0, 0, 0, 0.0461038638604805, 0, 0, 0, 0, 0, 0, 0, 0, 0, 0, 0, 0, 0, 0, 0, 0, 0, 0, 0, 0, 0, 0, 0, 0, 0, 0, 0, 0, 0, 0, 0, 0, 0, 0, 0, 0, 0, 0, 0, 0, 0, 0, 0, 0, 3.08469587650961e-06, 0, 0, 0, 0, 0, 0, 0, 0, 0, 0, 0, 0, 0, 0, 0, 0, 0, 0, 0, 0, 0, 0, 0, 0, 0, 0, 0, 0, 0, 0, 0, 0, 0, 0, 0, 0, 0, 0, 0, 0.00136035077957786, 0, 0, 0, 0, 0, 0, 0, 0, 0, 0, 0, 0
0, 0, 0, 1.09319444745779, 0, 0, 0, 0, 0, 0, 0, 1.09319444745779, 0, 0, 1.09315067529678, 1.09319444745779, 0, 0, 1.09319444745779, 0, 0, 0, 0, 0, 0, 0, 0, 0, 0, 0, 0, 0, 0, 1.09317256137729, 0, 1.00593809038401, 0, 0, 0, 0, 0, 0, 0, 0, 0, 0, 0, 0, 0, 0, 0, 0, 1.09317256137729, 1.09315067529678, 0, 0, 0, 0, 0, 0, 0, 2.09895418956876, 0, 1.09315067529678, 0, 0, 0, 0, 0, 0, 0, 0, 0, 0, 0, 0, 0, 0, 0, 0, 0, 0, 0, 0, 0, 0, 0, 0, 0, 0, 0, 0, 0, 0, 0, 0, 0, 0, 0, 0, 0, 0, 0, 0, 0
0.252544530667365, 1.77221288904548, 0, 0, 0.223153666593134, 0, 0.488785747438669, 0, 0, 0, 0, 0, 0, 0, 0, 0, 0, 0, 0.293273432180285, 0, 0, 0, 0, 0, 0.947653455659747, 0, 0, 0, 0, 0, 0, 0, 0, 0, 0, 0, 0, 0.0990000320598483, 0, 0, 0, 0, 0, 0, 0, 0, 0.195688288658857, 0, 0.391034502536058, 0, 0.293400487862527, 0.293273432180285, 0, 0, 0, 0.0978001626208425, 0, 1.20222866535187, 0.440554029773921, 0, 0, 0, 0, 1.57665433362126, 0.350036798045039, 0, 0, 0, 0, 0, 0.293273432180285, 0, 0, 0, 0, 0, 0, 0, 0, 0, 0.155164662282914, 0, 0, 0, 0, 0, 0, 0, 0, 0, 0.0883151136804372, 0, 0, 0, 0, 0, 0, 0, 0, 0, 0, 0, 0, 0, 0
0, 0, 0, 0, 0, 0, 0, 0, 0, 0, 0, 0, 0, 0, 0, 0, 0, 0, 0, 0, 0, 0, 0, 0, 0, 0, 0, 0, 0, 0, 0, 0.764535227790475, 0, 0, 0, 0, 0, 0, 0, 0, 0, 0, 0, 0, 0, 0, 0, 0, 0, 0, 0.764624448493123, 0.764535227790475, 0, 0, 0, 0, 0, 0.382267613895237, 0, 0, 10.1251393556595, 0, 0, 0.764535227790475, 0, 0, 0, 0, 0, 0, 0, 0, 0, 0, 0, 0, 0, 0, 0, 0, 0, 0, 0, 0, 0, 0, 0, 0, 0, 0, 0, 0, 0, 0, 0, 0, 0, 0, 0, 0, 0, 0, 0, 0, 0
0, 0, 0, 0, 0, 0, 0.0017493173800176, 0, 0, 0, 0, 0, 0, 0, 0, 0, 0, 0, 0, 0, 0, 0, 0, 0, 0, 0.00757715388317592, 0, 0, 0, 0, 0, 0, 0, 0.0593511445913464, 0, 0, 0, 0, 0, 0, 0, 0, 0, 0, 0, 0, 0, 0, 0, 0, 0, 0, 0, 0, 0, 0, 0, 0.386657123453915, 0, 0, 0, 0, 0, 0, 0.0966667023021728, 0, 0, 0, 0, 0, 0, 0.0559553649509326, 0, 0, 0, 0, 0, 0, 0, 0, 0, 0, 0, 0, 0, 0, 0, 0, 0, 0, 0.236947176745161, 0, 0, 0, 0.0776577944634482, 0, 0, 0, 0, 0, 0, 0, 0, 0, 0
0, 0, 0, 0, 0, 0, 0, 0, 0, 0, 0, 0, 0, 0, 0, 0, 0, 0, 0, 0, 0, 0, 0, 0, 0, 0, 0, 0, 0, 0, 0, 0, 0, 0, 0, 0, 0, 0, 0, 0, 0, 0, 0, 0, 0, 0, 0, 0, 0, 0, 0, 0, 0, 0, 0, 0, 0, 0, 0, 0, 0, 0, 0, 0, 5.06256967782974, 0, 0, 0, 0, 0, 0, 0, 0, 0, 0, 0, 0, 0, 0, 0, 0, 0, 0, 0, 0, 0, 0, 0, 0, 0, 0, 0, 0, 0, 0, 0, 0, 0, 0, 0, 0, 0, 0, 0, 0
0, 0, 0.937313586473465, 1.81376840919256, 0, 0, 0, 0, 0, 0, 0, 0.936342775821686, 0, 0, 0, 1.81312598288059, 0, 0, 0, 0, 0, 0, 0, 0, 0.392419996205717, 0, 0, 0, 0, 0, 0, 0, 0, 1.81238148361444, 0, 0, 0, 0, 0, 0, 0, 0, 0, 0, 0, 0, 0, 0, 0, 0, 0, 1.81426107883453, 1.81238148361444, 0.937729701399803, 0, 0, 0, 0, 0, 0, 0, 0, 0, 1.81376840919256, 0, 0, 0, 0, 0, 0, 0, 0, 0, 0, 0, 0, 0, 0, 0, 0, 0, 0, 0, 0, 0, 0, 0, 0, 0, 0, 0, 0, 0, 0, 0, 0, 0, 0, 0, 0, 0, 0, 0, 0, 0
0, 0, 0, 0, 0, 0, 0, 0, 0, 0, 0, 0, 0, 0, 0, 0, 0, 0, 0, 0, 0, 0, 0, 0, 0, 0, 0, 0, 0, 0, 0, 0, 0, 0, 0, 0, 0, 0, 0, 0.0152809079736471, 0, 0, 0, 0, 0, 0, 0, 0, 0, 0, 0, 0, 0, 0, 0, 0, 0, 0, 0, 0, 0, 0, 0, 0, 0, 0, 0, 0, 0, 0, 0, 0, 0, 0, 0, 0, 0, 0, 0, 0, 0, 0, 0, 0, 0, 0, 0, 0, 0, 0, 0, 0, 0, 0, 0, 0, 0, 0, 0, 0, 0, 0, 0, 0, 0
0, 0, 0, 0, 0, 0, 0, 0, 0, 0, 0, 0, 0, 0, 0, 0, 0, 0, 0, 0, 0, 0, 0, 0, 0, 0, 0, 0, 0, 0, 0, 0, 0, 3.05507956072688, 0, 0, 0, 0, 0, 0, 0, 0, 0, 0, 0, 0, 0, 0, 0, 0, 0, 0, 0, 0, 0, 0, 0, 0, 0, 0, 0, 0, 0, 0, 0, 0, 0, 0, 0, 0, 0, 0, 0, 0, 0, 0, 0, 0, 0, 0, 0, 0, 0, 0, 0, 0, 0, 0, 0, 0, 0, 0, 0, 0, 0, 0, 0, 0, 0, 0, 0, 0, 0, 0, 0
0, 0, 0, 0, 0, 0, 0, 0, 0, 0, 0, 0, 0, 0, 0, 0, 0, 0, 0, 0, 0, 0, 0, 0, 0, 0, 0, 0, 0, 0, 0, 0, 0, 0, 0, 0, 0, 0, 0, 0, 0, 0, 0, 0, 0, 0, 0, 0, 0, 0, 0, 6.98083567840513e-05, 0, 0, 0, 0, 0, 0, 0, 0, 5.06256967782974, 0, 0, 0, 0, 0, 0, 0, 0, 0, 0, 0, 0, 0, 0, 0, 0, 0, 0, 0, 0, 0, 0, 0, 0, 0, 0, 0, 0, 0, 0, 0, 0, 0, 0, 0, 0, 0, 0, 0, 0, 0, 0, 0, 0
0, 0, 0, 0, 0, 0, 0, 0, 0.00481031893286854, 0, 0, 0, 0, 0, 0, 0, 0, 0, 0.250106677412987, 0, 0, 0, 0, 0, 0, 0, 0, 0, 0, 0, 0, 0, 0, 0.502042751759291, 0, 0, 0, 0, 0, 0, 0, 0, 0, 0, 0, 0, 0, 0, 0.449368497356772, 0, 0, 0, 0, 0.151328137144446, 0, 0, 0, 0, 0, 0, 0, 0, 0, 0.502242147922516, 0, 0, 0, 0, 0, 0, 0, 0, 0, 0, 0, 0, 0, 0, 0, 0, 0, 0.299137039110065, 0, 0, 0, 0, 0, 0, 0, 0, 0, 0.556202465668321, 1.72320082783699, 0.502301985397935, 0, 0, 0, 0, 0, 0, 0, 0, 0, 0, 0
0, 0, 0, 0, 0, 0, 0, 0, 0, 0, 0, 0, 0, 0, 0, 0, 0, 0, 0, 0, 0, 0, 0, 0, 0, 0, 0, 0, 0, 0, 0, 0, 0, 0, 0, 0, 0, 0, 0, 0, 0, 0, 0, 0, 0, 0, 0, 0, 0, 0, 0, 0, 0, 0, 0, 0, 0, 0, 0, 0, 0, 0, 0, 0, 0, 0, 0, 0, 0, 0, 0, 0, 0, 0, 0, 0, 0, 0, 0, 0, 0, 0, 0, 0, 0, 0, 0, 0, 0, 0, 0, 0, 0, 0, 0, 0, 0, 0, 0, 0, 0, 0, 0, 0, 0
0, 0, 0, 0, 0, 0, 0, 0, 0, 0, 0, 0, 0, 0, 0, 0, 0, 0, 0, 0, 0, 0, 0, 0, 0, 0, 0, 0, 0, 0, 0, 0, 0, 0, 0, 0, 0, 0, 0, 0, 0, 0, 0, 0, 0, 0, 0, 0, 0, 0, 0, 0, 0, 0, 0, 0, 0, 0, 0, 0, 0, 0, 0, 0, 0, 5.06256967782974, 0, 0, 0, 0, 0, 0, 0, 0, 0, 0, 0, 0, 0, 0, 0, 0, 0, 0, 0, 0, 0, 0, 0, 0, 0, 0, 0, 0, 0, 0, 0, 0, 0, 0, 0, 0, 0, 0, 0
0, 0, 0, 0, 0, 0, 0, 0, 0, 0, 0, 0, 0, 0, 0, 0, 0, 0, 0, 0, 0, 0, 0.00177766887645703, 0, 0, 0, 5.97535745328059e-05, 0, 0, 0, 0, 0, 0, 0, 0, 0, 0, 0, 0, 0, 0, 0, 0, 0, 0, 0, 0, 0, 0, 0, 0, 0, 0, 0, 0, 0, 0, 0, 0, 0, 0, 0, 0, 0, 0, 0, 0, 0, 0, 0, 0, 0, 0, 0, 0, 0, 0, 0, 0, 0, 0, 0, 0, 0, 0, 0, 0, 0, 0, 0, 0, 0, 0, 0, 0, 0, 0, 0, 0, 0, 0, 0, 0, 0, 0
0, 0, 3.74596081674099, 0, 0, 0, 5.06256967782974, 0, 10.1251393556595, 0, 0, 0, 0, 0, 0, 3.74260507524014, 0, 0, 0, 0, 0, 0, 0, 0, 2.48608011752367, 0, 0, 0, 0, 0, 0, 0, 0, 0, 0, 0, 0, 0, 0, 0, 0, 0, 0, 0, 0, 0, 0, 0, 3.13460119068623, 0, 0, 0, 0, 3.7321649491787, 0, 0, 0, 0, 0, 0, 0, 0, 0, 0, 0, 0, 0, 0, 0, 0, 0, 0, 0, 0, 0, 0, 0, 0, 0, 0, 0, 0, 0, 0, 0, 0, 0, 0, 0, 0, 0, 0, 0, 0, 0, 0, 0, 0, 0, 0, 0, 0, 0, 0, 0
0, 0, 0, 0, 0, 0, 0, 0, 0, 0, 0, 0, 0, 0, 0, 0, 0, 0, 0, 0, 0, 0, 0, 0, 0, 0, 0, 0, 0, 0, 0, 0, 0, 0, 0, 0, 0, 0, 0, 0, 0, 0, 0, 0, 0, 0, 0, 0, 0, 0, 0, 0, 0, 0, 0, 0, 0, 0, 0, 0, 0, 0, 0, 0, 0, 0, 0, 0, 0, 0, 0, 0, 0, 0, 0, 0, 0, 0, 0, 0, 0, 0, 0, 0, 0, 0, 0, 0, 0, 0, 0, 0, 0, 0, 0, 0, 0, 0, 0, 0, 0, 0, 0, 0, 0
0, 0, 0, 0, 0, 0, 0, 0, 0, 0, 0, 0, 0, 0, 0, 0, 0, 0, 0, 0, 0, 0, 0, 0, 0, 0, 0, 0, 0, 0, 0, 0, 0, 0, 0, 0, 0, 0, 0, 0, 0, 0, 0, 0, 0, 0, 0, 0, 0, 0, 0, 0, 0, 0, 0, 0, 0, 0, 0, 0, 0, 0, 0, 0, 0, 0, 0, 0, 0, 0, 0, 0, 0, 0, 0, 0, 0, 0, 0, 0, 0, 0, 0, 0, 0, 0, 0, 0, 0, 0, 0, 0, 0, 0, 0, 0, 0, 0, 0, 0, 0, 0, 0, 0, 0
0, 0, 0, 0, 0, 0, 0, 0, 0, 0, 0, 0, 0, 0, 0, 0, 0, 0, 0, 0, 0, 0, 0, 0, 0, 0, 0, 0, 0, 0, 0, 0, 0, 0, 0, 0, 0, 0, 0, 0, 0, 0, 0, 0, 0, 0, 0, 0, 0, 0, 0, 0, 0, 0, 0, 0, 0, 4.11262139678001, 0, 0, 0, 0, 0, 0, 0, 0, 0, 0, 0, 0, 0, 0, 0, 0, 0, 0, 0, 0, 0, 0, 0, 0, 0, 0, 0, 0, 0, 0, 0, 0, 0, 0, 0, 0, 0, 0, 0, 0, 0, 0, 0, 0, 0, 0, 0
0, 0, 0, 0, 0, 0, 0, 0, 0, 0, 0, 0, 0, 0, 0, 0, 0, 0, 0, 0, 0, 0, 0, 0, 0, 0, 0, 0, 0, 0, 0, 0, 0, 0, 0, 0, 0, 0, 0, 0, 0, 0, 0, 0, 0, 0, 0, 0, 0, 0, 0, 0, 0, 0, 0, 0, 0, 0, 0, 0, 0, 0, 0, 0, 0, 0, 0, 0, 0, 0, 0, 0, 0, 0, 0, 0, 0, 0, 0, 0, 0, 0, 0, 0, 0, 0, 0, 0, 0, 0, 0, 0, 0, 0, 0, 0, 0, 0, 0, 0, 0, 0, 0, 0, 0
0, 0, 0, 0, 0, 0, 0, 0, 0, 0, 0, 0, 0, 0, 0, 0, 0, 0, 0, 0, 0, 0, 0, 0, 0, 0, 0, 0, 0, 0, 0, 0, 0, 0, 0, 0, 0, 0, 0, 0, 0, 0, 0, 0, 0, 0, 0, 0, 0, 0, 0, 0, 0, 0, 0, 0, 0, 0, 0, 0, 0, 0, 0, 0, 0, 0, 0, 0, 0, 0, 0, 0, 0, 0, 0, 0, 0, 0, 0, 0, 0, 0, 0, 0, 0, 0, 0, 0, 0, 0, 0, 0, 0, 0, 0, 0, 0, 0, 0, 0, 0, 0, 0, 0, 0
0, 0, 0, 0, 0, 0, 0, 0, 0, 0, 0, 0, 0, 0, 0, 0, 0, 0, 0, 0, 0, 0, 0, 0, 0, 0, 0, 0, 0, 0, 0, 0, 0, 0, 0, 0, 0, 0, 0, 0, 0, 0, 0, 0, 0, 0, 0, 0, 0, 0, 0, 0, 0, 0, 0, 0, 0, 0, 0, 0, 0, 0, 0, 0, 0, 0, 0, 0, 0, 0, 0, 0, 0, 0, 0, 0, 0, 0, 0, 0, 0, 0, 0, 0, 0, 0, 0, 0, 0, 0, 0, 0, 0, 0, 2.40733101009027e-05, 0, 0, 0, 0, 0, 0, 0, 0, 0, 0
0, 0, 0, 0, 0, 0, 0, 0, 0, 0, 0, 0, 0, 0, 0, 0, 0, 0, 0, 0, 0, 0, 0, 0, 0.0462784431874752, 0, 0, 0, 0, 0, 0, 0, 0, 0, 0, 0, 0, 0, 0, 0, 0, 0, 0, 0, 0, 0, 0, 0, 0, 0, 0, 0, 0, 0, 0, 0, 0, 0, 0, 0, 0, 0, 0, 0, 0, 0, 0, 0, 0, 0, 0, 0, 0, 0, 0, 0, 0, 0, 0, 0, 0, 0, 0, 0, 0, 0, 0, 0, 0, 0, 0, 0, 0, 0, 0, 0, 0, 0, 0, 0, 0, 0, 0, 0, 0
0, 0, 0, 0, 0, 0, 0, 0, 0, 0, 0, 0, 0, 0, 0, 0, 0, 0, 0, 0, 0, 0, 0, 0, 0, 0, 0, 0, 0, 0, 0, 0, 0, 0, 0, 0, 0, 0, 0, 0, 0, 0, 0, 0, 0, 0, 0, 0, 0, 0, 0, 0, 0, 0, 0, 0, 0, 0, 0, 0, 0, 0, 0, 0, 0, 0, 0, 0, 0, 0, 0, 0, 0, 0, 0, 0, 0, 0, 0, 0, 0, 0, 0, 0, 0, 0, 0, 0, 0, 0, 0, 0, 0, 0, 0, 0, 0, 0, 0, 0, 0, 0, 0, 0, 0
0, 0, 0, 0, 0, 0, 0, 0, 0, 0, 0, 0, 0, 0, 0, 0, 0, 0, 0, 0, 0, 0, 0, 0, 0, 0, 0, 0, 0, 0, 0, 0, 0, 0, 0, 0, 0, 0, 0, 0, 0, 0, 0, 0, 0, 0, 0, 0, 0, 0, 0, 0, 0, 2.03091613948345, 0, 0, 0, 0, 0, 0, 0, 0, 0, 0, 0, 0, 0, 0.811798125505447, 0, 0, 0, 0, 0, 0, 0, 0, 0, 0, 0, 0, 2.7572956867516, 0, 0, 0, 0, 0, 0, 0, 0.407928554341197, 0, 0, 0, 0, 0, 0, 0, 0, 0, 0, 0, 0, 0, 0, 0, 0
0, 0, 0, 0, 0, 0, 0, 0, 0, 0, 0, 0, 0, 0, 0, 0, 0, 0, 0, 0, 0, 0, 0, 0, 0, 0, 0, 0, 0, 0, 0, 0, 0, 0, 0, 1.25603964552283, 0, 0, 0, 0, 0, 0, 0, 0, 0, 0, 0, 0, 0, 0, 0, 0, 0, 0, 0, 0, 0, 0, 0, 0, 0, 0, 0, 0, 1.27312382683158, 0, 0, 0.574108236469328, 0, 0, 1.23798213899136, 0, 0, 0, 0, 0, 0, 0, 0, 0, 1.464704843238, 0, 0, 0, 0, 0, 0, 0, 0, 0, 0, 0, 0, 0, 0, 0, 0, 0, 0, 0, 0, 0, 0, 0, 0
0, 0, 0, 0, 0, 0, 0, 0, 0, 0, 0, 0, 0, 0, 0, 0, 0, 0, 0, 0, 0, 0, 0, 0, 0, 0, 0, 0, 0, 0, 0, 0, 0, 0, 0, 0, 0, 0, 0, 0, 0, 0, 0, 0, 0, 0, 0, 0, 0, 0, 0, 0, 0, 0, 0, 0, 0, 0, 0, 0, 0, 0, 0, 0, 0, 0, 0, 0, 0, 0, 0, 0, 0, 0, 0, 0, 0, 0, 0, 0, 1.9332560710609, 0, 0, 0, 0, 0, 0, 0, 0, 0, 0.72233215905726, 0, 0, 0, 0, 0, 0, 0, 0, 0, 0, 0, 0, 0, 0
0, 0, 0, 0, 0, 0, 0, 0, 0, 0, 0, 0, 0, 0, 0, 0, 0, 0, 0, 0, 0, 0, 0, 0, 0, 0, 0, 0, 0, 0, 0, 0, 0, 0, 0, 0, 0, 0, 0, 0, 0, 0, 0, 0, 0, 0, 0, 0, 0, 0, 0, 0, 0, 0, 0, 0, 0, 0, 0, 0, 0, 0, 0, 0, 0, 0, 0, 0, 0, 0, 0, 0, 0, 0, 0, 0, 0, 0, 0, 0, 0, 0, 0, 0, 0, 0, 0, 0, 0, 0, 0, 0, 0, 0, 0, 0, 0, 0, 0, 0, 0, 0, 0, 0, 0
0, 0, 0, 0, 0, 0, 0, 0, 0, 0, 0, 0, 0, 0, 0, 0, 0, 0, 0, 0, 0, 0, 0, 0, 0, 0, 0, 0, 0, 0, 0, 0, 0, 0, 0, 0, 0, 0, 0, 0, 0, 0, 0, 0, 0, 0, 0, 0, 0, 0, 0, 0, 0, 0, 0, 0, 0, 0, 0, 0, 0, 0, 0, 0, 0, 0, 0, 0, 0, 0, 0, 0, 0, 0, 0, 0, 0, 0, 0, 0, 0, 0, 0, 0, 0, 0, 0, 0, 0, 0, 0, 0, 0, 0, 0, 0, 0, 0, 0, 0, 0, 0, 0, 0, 0
0, 0, 0, 0, 0, 0, 0, 0, 0, 0, 0, 0, 0, 0, 0, 0, 0, 0, 0, 0, 0, 0, 0, 1.772740483284, 0, 0, 0, 0, 0, 0, 0, 0, 0, 0, 0, 2.26085912436247, 0, 0, 0, 0, 0, 0, 0, 0, 0, 0, 0, 0, 0, 0, 0, 0, 0, 0, 0, 0, 0, 0, 0, 0, 0, 0, 0, 0, 0, 0, 0, 0, 0, 0, 0, 0, 0, 0, 0, 0, 0, 0, 0, 0, 1.01668760180473, 0, 0, 0, 0, 0, 0, 0, 0, 0, 1.23088874970563, 0, 0, 0, 0, 0, 0, 0, 0, 0, 0, 0, 0, 0, 0
0, 0, 0, 0, 0, 0, 0, 0, 0, 0, 0, 0, 0, 0, 0, 0, 0, 0, 0, 0, 0, 0, 0, 0, 0, 0, 0, 0, 0, 0, 0, 0, 0, 0, 0, 0, 0, 0, 0, 0, 0, 0, 0, 0, 0, 0, 0, 0, 0, 0, 0, 0, 0, 0, 0, 0, 0, 0, 0, 0, 0, 0, 0, 0, 0, 0, 0, 0, 0, 0, 0, 0, 0, 0, 0, 0, 0, 0, 0, 0, 1.56836900860071, 0, 0, 0, 0, 0, 0, 0, 0, 0, 0, 0, 0, 0, 0, 0, 0, 0, 0, 0, 0, 0, 0, 0.484730955213308, 0
0, 0, 0, 0, 0, 0, 0, 0, 0, 0, 0, 0, 0, 0, 0, 0, 0, 0, 0, 0, 0, 0, 0, 0, 0, 0, 0, 0, 0, 0, 0, 0, 0, 0, 0, 0, 0, 0, 0, 0, 0, 0, 0, 0, 0, 0, 0, 0, 0, 0, 0, 0, 0, 0, 0, 0, 0, 0, 0, 0, 0, 0, 0, 0, 0, 0, 0, 0, 0, 0, 0, 0, 0, 0, 0, 0, 0, 0, 0, 0, 0, 0, 0, 0, 0, 0, 0, 0, 0, 0, 0, 0, 0, 0, 0, 0, 0, 0, 0, 0, 0, 0, 0, 0, 0
0, 0, 0, 0, 0, 0, 0, 0, 0, 0, 0, 0, 0, 0, 0, 0, 0, 0, 0, 0, 0, 0, 0, 0, 0, 0, 0, 0, 0, 0, 0, 0, 0, 0, 0, 0, 0, 0, 0, 0, 0, 0, 0, 0, 0, 0, 0, 0, 0, 0, 0, 0, 0, 0, 0, 0, 0, 0, 0, 0, 0, 0, 0, 0, 0, 0, 0, 0, 0, 0, 0, 0, 0, 0, 0, 0, 0, 0, 0, 0, 0, 0, 0, 0, 0, 0, 0, 0, 0, 0, 0, 0, 0, 0, 0, 0, 0, 0, 0, 0, 0, 0, 0, 0, 0
